"group","annotation","v1_status","v2_status","v1_reason","v2_reason"
"object_integrity","black_cable","not_evaluable","not_evaluable","no_panorama_projection_for_fixed_source_annotation","no_panorama_projection_for_fixed_source_annotation"
"object_integrity","black_fan","not_evaluable","not_evaluable","no_panorama_projection_for_fixed_source_annotation","no_panorama_projection_for_fixed_source_annotation"
"object_integrity","central_carton","evaluated","evaluated",,
"object_integrity","yellow_beam_high_risk","evaluated","evaluated",,
"line_continuity","table_front_edge","evaluated","not_evaluable",,"insufficient_edge_samples_in_projected_measurement_group"
"line_continuity","yellow_beam_bottom","evaluated","not_evaluable",,"insufficient_edge_samples_in_projected_measurement_group"
"line_continuity","yellow_beam_groove","evaluated","not_evaluable",,"insufficient_edge_samples_in_projected_measurement_group"
"line_continuity","yellow_beam_top","evaluated","not_evaluable",,"insufficient_edge_samples_in_projected_measurement_group"
"safe_background","yellow_beam_face","evaluated","evaluated",,
