assignment_index,source_index,frame_id,center_x,left_x,right_x,width,zero_width,placement_method,risky
0,0,0,421.8267517089844,0,426,426,False,origin,False
1,1,8,430.2945251464844,426,435,9,False,session_median,False
2,2,16,438.7622985839844,435,443,8,False,session_median,False
3,3,24,447.2300720214844,443,451,8,False,session_median,False
4,4,32,455.6978454589844,451,460,9,False,session_median,False
5,5,40,464.1656188964844,460,468,8,False,session_median,False
6,6,48,472.6333923339844,468,477,9,False,session_median,False
7,7,58,480.83013916015625,477,485,8,False,grid_lk,False
8,8,70,489.4303283691406,485,494,9,False,grid_lk,False
9,9,81,497.838134765625,494,502,8,False,grid_lk,False
10,10,88,505.8559112548828,502,510,8,False,grid_lk,False
11,11,94,513.8673858642578,510,518,8,False,grid_lk,False
12,12,101,522.8798675537109,518,527,9,False,grid_lk,False
13,13,108,531.8227691650391,527,536,9,False,grid_lk,False
14,14,115,539.9251098632812,536,544,8,False,grid_lk,False
15,15,122,548.317626953125,544,553,9,False,grid_lk,False
16,16,130,557.2254943847656,553,562,9,False,grid_lk,False
17,17,138,566.7931823730469,562,571,9,False,grid_lk,False
18,18,145,575.468017578125,571,580,9,False,grid_lk,False
19,19,151,583.9759063720703,580,588,8,False,grid_lk,False
20,20,158,592.6919555664062,588,597,9,False,grid_lk,False
21,21,166,601.22119140625,597,605,8,False,grid_lk,False
22,22,173,609.3026428222656,605,613,8,False,grid_lk,False
23,23,180,617.5440673828125,613,622,9,False,grid_lk,False
24,24,188,626.6071166992188,622,631,9,False,grid_lk,False
25,25,195,634.6860504150391,631,639,8,False,grid_lk,False
26,26,203,642.9127349853516,639,647,8,False,grid_lk,False
27,27,211,651.7404632568359,647,656,9,False,grid_lk,False
28,28,219,660.4010925292969,656,665,9,False,grid_lk,False
29,29,228,668.975341796875,665,673,8,False,grid_lk,False
30,30,236,677.4606628417969,673,682,9,False,grid_lk,False
31,31,243,686.4390258789062,682,691,9,False,grid_lk,False
32,32,251,695.3939971923828,691,700,9,False,grid_lk,False
33,33,259,703.7225189208984,700,708,8,False,grid_lk,False
34,34,267,711.9167327880859,708,716,8,False,grid_lk,False
35,35,275,720.5610046386719,716,725,9,False,grid_lk,False
36,36,283,728.6997985839844,725,733,8,False,grid_lk,False
37,37,290,737.1661071777344,733,741,8,False,grid_lk,False
38,38,297,745.6278381347656,741,750,9,False,grid_lk,False
39,39,305,753.8157501220703,750,758,8,False,grid_lk,False
40,40,315,762.6984252929688,758,767,9,False,grid_lk,False
41,41,325,771.5093078613281,767,776,9,False,grid_lk,False
42,42,333,780.1629333496094,776,785,9,False,grid_lk,False
43,43,342,789.5717926025391,785,794,9,False,grid_lk,False
44,44,349,798.4904327392578,794,803,9,False,grid_lk,False
45,45,355,807.3264923095703,803,811,8,False,grid_lk,False
46,46,361,815.3304290771484,811,821,10,False,grid_lk,False
47,47,367,825.9217681884766,821,830,9,False,grid_lk,False
48,48,372,834.6266326904297,830,839,9,False,grid_lk,False
49,49,377,843.1476287841797,839,848,9,False,grid_lk,False
50,50,383,852.1719055175781,848,856,8,False,grid_lk,False
51,51,389,860.4563598632812,856,865,9,False,grid_lk,False
52,52,394,869.3193969726562,865,874,9,False,grid_lk,False
53,53,400,878.2201080322266,874,883,9,False,grid_lk,False
54,54,405,886.9792327880859,883,891,8,False,grid_lk,False
55,55,411,895.9059600830078,891,901,10,False,grid_lk,False
56,56,417,905.9700317382812,901,910,9,False,grid_lk,False
57,57,423,914.2944641113281,910,919,9,False,grid_lk,False
58,58,429,924.39990234375,919,929,10,False,grid_lk,False
59,59,436,933.478271484375,929,938,9,False,grid_lk,False
60,60,441,941.6919403076172,938,946,8,False,grid_lk,False
61,61,447,950.6717071533203,946,956,10,False,grid_lk,False
62,62,453,961.1977081298828,956,966,10,False,grid_lk,False
63,63,459,970.3238067626953,966,975,9,False,grid_lk,False
64,64,465,979.3890838623047,975,984,9,False,grid_lk,False
65,65,470,988.6814422607422,984,993,9,False,grid_lk,False
66,66,476,997.3702239990234,993,1002,9,False,grid_lk,False
67,67,481,1005.6364288330078,1002,1010,8,False,grid_lk,False
68,68,487,1013.8100433349609,1010,1018,8,False,grid_lk,False
69,69,493,1022.6710968017578,1018,1027,9,False,grid_lk,False
70,70,500,1031.0199432373047,1027,1035,8,False,grid_lk,False
71,71,506,1039.247817993164,1035,1043,8,False,grid_lk,False
72,72,512,1047.5179595947266,1043,1052,9,False,grid_lk,False
73,73,518,1056.1835174560547,1052,1061,9,False,grid_lk,False
74,74,524,1064.945541381836,1061,1069,8,False,grid_lk,False
75,75,529,1073.361587524414,1069,1078,9,False,grid_lk,False
76,76,536,1082.2825469970703,1078,1087,9,False,grid_lk,False
77,77,542,1090.8389434814453,1087,1095,8,False,grid_lk,False
78,78,548,1098.8576965332031,1095,1103,8,False,grid_lk,False
79,79,556,1107.6864776611328,1103,1113,10,False,grid_lk,False
80,80,563,1117.330825805664,1113,1121,8,False,grid_lk,False
81,81,571,1125.6498107910156,1121,1130,9,False,grid_lk,False
82,82,578,1134.4480285644531,1130,1139,9,False,grid_lk,False
83,83,584,1143.1778259277344,1139,1147,8,False,grid_lk,False
84,84,590,1151.3505249023438,1147,1156,9,False,grid_lk,False
85,85,596,1160.3135070800781,1156,1166,10,False,grid_lk,False
86,86,603,1170.76513671875,1166,1175,9,False,grid_lk,False
87,87,609,1178.9482116699219,1175,1183,8,False,grid_lk,False
88,88,615,1187.1976928710938,1183,1192,9,False,grid_lk,False
89,89,622,1196.0321807861328,1192,1200,8,False,grid_lk,False
90,90,629,1204.8070526123047,1200,1209,9,False,grid_lk,False
91,91,636,1213.7926483154297,1209,1218,9,False,grid_lk,False
92,92,642,1222.0677642822266,1218,1227,9,False,grid_lk,False
93,93,649,1231.2286071777344,1227,1235,8,False,grid_lk,False
94,94,656,1239.7706604003906,1235,1244,9,False,grid_lk,False
95,95,662,1248.0644836425781,1244,1252,8,False,grid_lk,False
96,96,668,1256.2081298828125,1252,1261,9,False,grid_lk,False
97,97,675,1264.8706665039062,1261,1269,8,False,grid_lk,False
98,98,682,1273.0363006591797,1269,1278,9,False,grid_lk,False
99,99,690,1282.0347137451172,1278,1286,8,False,grid_lk,False
100,100,696,1290.5404815673828,1286,1295,9,False,grid_lk,False
101,101,702,1298.987319946289,1295,1304,9,False,grid_lk,False
102,102,708,1308.8196258544922,1304,1314,10,False,grid_lk,False
103,103,715,1318.726333618164,1314,1323,9,False,grid_lk,False
104,104,722,1327.4805450439453,1323,1332,9,False,grid_lk,False
105,105,728,1335.599105834961,1332,1340,8,False,grid_lk,False
106,106,735,1344.3451538085938,1340,1349,9,False,grid_lk,False
107,107,741,1352.7250061035156,1349,1357,8,False,grid_lk,False
108,108,748,1361.138916015625,1357,1365,8,False,grid_lk,False
109,109,755,1369.5709381103516,1365,1374,9,False,grid_lk,False
110,110,761,1378.6206512451172,1374,1383,9,False,grid_lk,False
111,111,768,1386.7438201904297,1383,1391,8,False,grid_lk,False
112,112,778,1395.4119873046875,1391,1400,9,False,grid_lk,False
113,113,788,1403.6126708984375,1400,1408,8,False,grid_lk,False
114,114,798,1412.131332397461,1408,1416,8,False,grid_lk,False
115,115,805,1420.2046661376953,1416,1424,8,False,grid_lk,False
116,116,812,1428.3092041015625,1424,1433,9,False,grid_lk,False
117,117,820,1436.9183044433594,1433,1441,8,False,grid_lk,False
118,118,829,1445.3721771240234,1441,1450,9,False,grid_lk,False
119,119,837,1453.8165283203125,1450,1458,8,False,grid_lk,False
120,120,845,1462.0696868896484,1458,1464,6,False,grid_lk,False
121,121,848,1465.1373443603516,1464,1892,428,False,grid_lk,False
