frame_id,timestamp_us,direct_pose,qualified,timestamp_delta_ms,roll_deg,pitch_deg,yaw_deg,rejection_reasons
0,9437372,True,True,0.0,0.0,-0.0,0.0,
1,9454068,False,False,,,,,missing_trajectory_record
2,9470764,False,False,,,,,missing_trajectory_record
3,9487460,False,False,,,,,missing_trajectory_record
4,9504156,False,False,,,,,missing_trajectory_record
5,9520852,False,False,,,,,missing_trajectory_record
6,9537548,False,False,,,,,missing_trajectory_record
7,9554244,False,False,,,,,missing_trajectory_record
8,9570940,True,True,0.0,0.016688058817830472,0.009750392884783169,0.0037534913732465945,
9,9587636,False,False,,,,,missing_trajectory_record
10,9604332,False,False,,,,,missing_trajectory_record
11,9621028,False,False,,,,,missing_trajectory_record
12,9637724,False,False,,,,,missing_trajectory_record
13,9654420,False,False,,,,,missing_trajectory_record
14,9671116,False,False,,,,,missing_trajectory_record
15,9704508,True,True,0.0,-0.021389839576464863,-0.010522803566897268,0.003201704304850958,
16,9721204,False,False,,,,,missing_trajectory_record
17,9737900,False,False,,,,,missing_trajectory_record
18,9754596,False,False,,,,,missing_trajectory_record
19,9787988,False,False,,,,,missing_trajectory_record
20,9804684,False,False,,,,,missing_trajectory_record
21,9821380,False,False,,,,,missing_trajectory_record
22,9838076,True,True,0.0,-0.0177501172053713,0.020188938795126146,-0.0038993548433123217,
23,9871468,False,False,,,,,missing_trajectory_record
24,9888164,False,False,,,,,missing_trajectory_record
25,9904860,False,False,,,,,missing_trajectory_record
26,9921556,False,False,,,,,missing_trajectory_record
27,9954948,False,False,,,,,missing_trajectory_record
28,9971644,True,True,0.0,-0.019234022641400245,-0.011926557455728652,-0.006040869413139031,
29,9988340,False,False,,,,,missing_trajectory_record
30,10005036,False,False,,,,,missing_trajectory_record
31,10038428,False,False,,,,,missing_trajectory_record
32,10055124,False,False,,,,,missing_trajectory_record
33,10071820,False,False,,,,,missing_trajectory_record
34,10088516,False,False,,,,,missing_trajectory_record
35,10121908,True,True,0.0,-0.011151175667134352,-0.003264818904466271,0.009515084014445958,
36,10138604,False,False,,,,,missing_trajectory_record
37,10155300,False,False,,,,,missing_trajectory_record
38,10171996,False,False,,,,,missing_trajectory_record
39,10205388,False,False,,,,,missing_trajectory_record
40,10222087,False,False,,,,,missing_trajectory_record
41,10238780,False,False,,,,,missing_trajectory_record
42,10272172,True,True,0.0,-0.0008650373028081674,-0.009715605777725332,0.005236678402621765,
43,10288868,False,False,,,,,missing_trajectory_record
44,10322260,False,False,,,,,missing_trajectory_record
45,10338956,False,False,,,,,missing_trajectory_record
46,10355652,False,False,,,,,missing_trajectory_record
47,10389044,False,False,,,,,missing_trajectory_record
48,10405740,True,True,0.0,-0.02039565056382079,0.001320979295035856,0.0036820500411478252,
49,10422436,False,False,,,,,missing_trajectory_record
50,10455829,False,False,,,,,missing_trajectory_record
51,10472525,False,False,,,,,missing_trajectory_record
52,10505917,False,False,,,,,missing_trajectory_record
53,10522613,False,False,,,,,missing_trajectory_record
54,10539309,True,True,0.0,-0.03326917877104328,0.00950947050654546,0.010570144520471808,
55,10572701,False,False,,,,,missing_trajectory_record
56,10589397,False,False,,,,,missing_trajectory_record
57,10606093,False,False,,,,,missing_trajectory_record
58,10639485,False,False,,,,,missing_trajectory_record
59,10656181,False,False,,,,,missing_trajectory_record
60,10672877,True,True,0.0,-0.013421842619459282,-0.010714901650450226,0.0008250537293277974,
61,10706269,False,False,,,,,missing_trajectory_record
62,10722965,False,False,,,,,missing_trajectory_record
63,10756357,False,False,,,,,missing_trajectory_record
64,10773053,False,False,,,,,missing_trajectory_record
65,10789749,False,False,,,,,missing_trajectory_record
66,10806445,True,True,0.0,-0.032685289948227836,6.414467538354269e-05,0.0059329596671019265,
67,10839837,False,False,,,,,missing_trajectory_record
68,10856533,False,False,,,,,missing_trajectory_record
69,10873229,False,False,,,,,missing_trajectory_record
70,10906621,False,False,,,,,missing_trajectory_record
71,10923317,False,False,,,,,missing_trajectory_record
72,10940013,True,True,0.0,-0.042221774678069,-0.013366086033659916,-0.0034516151981234247,
73,10973405,False,False,,,,,missing_trajectory_record
74,10990101,False,False,,,,,missing_trajectory_record
75,11023493,False,False,,,,,missing_trajectory_record
76,11040189,False,False,,,,,missing_trajectory_record
77,11056885,False,False,,,,,missing_trajectory_record
78,11090277,True,True,0.0,-0.06984420906959492,0.0027360785761831098,-0.012824809127232904,
79,11106973,False,False,,,,,missing_trajectory_record
80,11140365,False,False,,,,,missing_trajectory_record
81,11157061,False,False,,,,,missing_trajectory_record
82,11173757,False,False,,,,,missing_trajectory_record
83,11207149,False,False,,,,,missing_trajectory_record
84,11223845,True,True,0.0,-0.041255954580911636,-0.013194347741560353,-0.005856149914423109,
85,11257237,False,False,,,,,missing_trajectory_record
86,11273933,False,False,,,,,missing_trajectory_record
87,11307325,False,False,,,,,missing_trajectory_record
88,11324021,False,False,,,,,missing_trajectory_record
89,11340717,False,False,,,,,missing_trajectory_record
90,11374109,True,True,0.0,-0.06671779044023127,-0.017757963362777327,-0.013666624231163887,
91,11390805,False,False,,,,,missing_trajectory_record
92,11407501,False,False,,,,,missing_trajectory_record
93,11424197,False,False,,,,,missing_trajectory_record
94,11457589,False,False,,,,,missing_trajectory_record
95,11474286,False,False,,,,,missing_trajectory_record
96,11490982,False,False,,,,,missing_trajectory_record
97,11507678,True,True,0.0,-0.012898914689613482,0.03362309382594283,-0.01338234921450839,
98,11524374,False,False,,,,,missing_trajectory_record
99,11541070,False,False,,,,,missing_trajectory_record
100,11574462,False,False,,,,,missing_trajectory_record
101,11591158,False,False,,,,,missing_trajectory_record
102,11607854,False,False,,,,,missing_trajectory_record
103,11624550,False,False,,,,,missing_trajectory_record
104,11641246,True,True,0.0,-0.07397617351205742,-0.008748505189668482,-0.01670272119097191,
105,11657942,False,False,,,,,missing_trajectory_record
106,11674638,False,False,,,,,missing_trajectory_record
107,11691334,False,False,,,,,missing_trajectory_record
108,11724726,False,False,,,,,missing_trajectory_record
109,11741422,False,False,,,,,missing_trajectory_record
110,11758118,False,False,,,,,missing_trajectory_record
111,11774814,True,True,0.0,-0.08201378412760818,0.007564526711733707,-0.0056145575259277025,
112,11808206,False,False,,,,,missing_trajectory_record
113,11824902,False,False,,,,,missing_trajectory_record
114,11841598,False,False,,,,,missing_trajectory_record
115,11858294,False,False,,,,,missing_trajectory_record
116,11874990,False,False,,,,,missing_trajectory_record
117,11891686,False,False,,,,,missing_trajectory_record
118,11925078,True,True,0.0,0.029313048657071617,-0.116579481809027,0.03970929267519156,
119,11941774,False,False,,,,,missing_trajectory_record
120,11958470,False,False,,,,,missing_trajectory_record
121,11991862,False,False,,,,,missing_trajectory_record
122,12008558,False,False,,,,,missing_trajectory_record
123,12025254,False,False,,,,,missing_trajectory_record
124,12041950,False,False,,,,,missing_trajectory_record
125,12058646,True,True,0.0,-0.01186178321744064,-0.08460664732531975,0.055182431859223946,
126,12092038,False,False,,,,,missing_trajectory_record
127,12108734,False,False,,,,,missing_trajectory_record
128,12125430,False,False,,,,,missing_trajectory_record
129,12142126,False,False,,,,,missing_trajectory_record
130,12175518,False,False,,,,,missing_trajectory_record
131,12192214,True,True,0.0,0.009066629776527852,-0.1060308986305726,0.0419540264299012,
132,12225606,False,False,,,,,missing_trajectory_record
133,12242302,False,False,,,,,missing_trajectory_record
134,12258998,False,False,,,,,missing_trajectory_record
135,12292390,False,False,,,,,missing_trajectory_record
136,12309086,False,False,,,,,missing_trajectory_record
137,12325782,True,True,0.0,0.021220490900338593,-0.08990703290263613,0.05365381549410637,
138,12359174,False,False,,,,,missing_trajectory_record
139,12375870,False,False,,,,,missing_trajectory_record
140,12392566,False,False,,,,,missing_trajectory_record
141,12425958,False,False,,,,,missing_trajectory_record
142,12442654,False,False,,,,,missing_trajectory_record
143,12476046,True,True,0.0,0.018394433685219775,-0.09064291064949234,0.04104682694657394,
144,12492742,False,False,,,,,missing_trajectory_record
145,12509438,False,False,,,,,missing_trajectory_record
146,12542831,False,False,,,,,missing_trajectory_record
147,12559527,False,False,,,,,missing_trajectory_record
148,12576223,False,False,,,,,missing_trajectory_record
149,12592919,False,False,,,,,missing_trajectory_record
150,12626311,True,True,0.0,-0.00670953858914812,-0.1313903756665844,0.04694488502088901,
151,12643007,False,False,,,,,missing_trajectory_record
152,12659703,False,False,,,,,missing_trajectory_record
153,12676399,False,False,,,,,missing_trajectory_record
154,12709791,False,False,,,,,missing_trajectory_record
155,12726487,False,False,,,,,missing_trajectory_record
156,12759879,True,True,0.0,-0.04555426448220833,-0.12234001634029175,0.031203234355922867,
157,12776575,False,False,,,,,missing_trajectory_record
158,12793271,False,False,,,,,missing_trajectory_record
159,12809967,False,False,,,,,missing_trajectory_record
160,12843359,False,False,,,,,missing_trajectory_record
161,12860055,False,False,,,,,missing_trajectory_record
162,12876751,False,False,,,,,missing_trajectory_record
163,12910143,True,True,0.0,-0.04255049932087791,-0.0847724460614004,0.03238366325437824,
164,12926839,False,False,,,,,missing_trajectory_record
165,12943535,False,False,,,,,missing_trajectory_record
166,12960231,False,False,,,,,missing_trajectory_record
167,12993623,False,False,,,,,missing_trajectory_record
168,13010319,False,False,,,,,missing_trajectory_record
169,13027015,False,False,,,,,missing_trajectory_record
170,13043711,True,True,0.0,-0.053042657720161604,-0.10018562278226321,0.04499539356968887,
171,13077103,False,False,,,,,missing_trajectory_record
172,13093799,False,False,,,,,missing_trajectory_record
173,13110495,False,False,,,,,missing_trajectory_record
174,13127191,False,False,,,,,missing_trajectory_record
175,13143887,False,False,,,,,missing_trajectory_record
176,13177279,True,True,0.0,0.01713029909214752,-0.15553778186737433,0.07320529684821873,
177,13193975,False,False,,,,,missing_trajectory_record
178,13210671,False,False,,,,,missing_trajectory_record
179,13227367,False,False,,,,,missing_trajectory_record
180,13260759,False,False,,,,,missing_trajectory_record
181,13277455,False,False,,,,,missing_trajectory_record
182,13294151,False,False,,,,,missing_trajectory_record
183,13310847,True,True,0.0,0.024253807535704212,-0.17248027461965043,0.0695749691887633,
184,13344239,False,False,,,,,missing_trajectory_record
185,13360935,False,False,,,,,missing_trajectory_record
186,13377631,False,False,,,,,missing_trajectory_record
187,13394327,False,False,,,,,missing_trajectory_record
188,13427719,False,False,,,,,missing_trajectory_record
189,13444415,True,True,0.0,0.025645014246101154,-0.19395345677517492,0.08858275287970777,
190,13461111,False,False,,,,,missing_trajectory_record
191,13477807,False,False,,,,,missing_trajectory_record
192,13511199,False,False,,,,,missing_trajectory_record
193,13527895,False,False,,,,,missing_trajectory_record
194,13544591,False,False,,,,,missing_trajectory_record
195,13577983,True,True,0.0,-0.03951700393357472,-0.1609694852985504,0.06742556084714245,
196,13594680,False,False,,,,,missing_trajectory_record
197,13611376,False,False,,,,,missing_trajectory_record
198,13628072,False,False,,,,,missing_trajectory_record
199,13644768,False,False,,,,,missing_trajectory_record
200,13678160,False,False,,,,,missing_trajectory_record
201,13694856,False,False,,,,,missing_trajectory_record
202,13711552,True,True,0.0,-0.0344109885977688,-0.17545468530821592,0.0908636352189958,
203,13728248,False,False,,,,,missing_trajectory_record
204,13761640,False,False,,,,,missing_trajectory_record
205,13778336,False,False,,,,,missing_trajectory_record
206,13795032,False,False,,,,,missing_trajectory_record
207,13811728,False,False,,,,,missing_trajectory_record
208,13845120,True,True,0.0,-0.047875037419144,-0.13306023856929497,0.06800890079871864,
209,13861816,False,False,,,,,missing_trajectory_record
210,13878512,False,False,,,,,missing_trajectory_record
211,13895208,False,False,,,,,missing_trajectory_record
212,13911904,False,False,,,,,missing_trajectory_record
213,13928600,False,False,,,,,missing_trajectory_record
214,13961992,False,False,,,,,missing_trajectory_record
215,13978688,True,True,0.0,-0.03290263313352563,-0.16325492614233802,0.0669456142553345,
216,13995384,False,False,,,,,missing_trajectory_record
217,14012080,False,False,,,,,missing_trajectory_record
218,14045472,False,False,,,,,missing_trajectory_record
219,14062168,False,False,,,,,missing_trajectory_record
220,14078864,False,False,,,,,missing_trajectory_record
221,14095560,False,False,,,,,missing_trajectory_record
222,14112256,True,True,0.0,-0.023302633790435283,-0.1578755877655748,0.05702667938793142,
223,14128952,False,False,,,,,missing_trajectory_record
224,14162344,False,False,,,,,missing_trajectory_record
225,14179040,False,False,,,,,missing_trajectory_record
226,14195736,False,False,,,,,missing_trajectory_record
227,14212432,False,False,,,,,missing_trajectory_record
228,14229128,False,False,,,,,missing_trajectory_record
229,14262520,True,True,0.0,-0.029797510168462226,-0.18934355882890394,0.06733554745717094,
230,14279216,False,False,,,,,missing_trajectory_record
231,14295912,False,False,,,,,missing_trajectory_record
232,14312608,False,False,,,,,missing_trajectory_record
233,14329304,False,False,,,,,missing_trajectory_record
234,14362696,False,False,,,,,missing_trajectory_record
235,14379392,False,False,,,,,missing_trajectory_record
236,14396088,True,True,0.0,-0.05723626445868208,-0.18415177898637705,0.07657405086935144,
237,14429480,False,False,,,,,missing_trajectory_record
238,14446176,False,False,,,,,missing_trajectory_record
239,14462872,False,False,,,,,missing_trajectory_record
240,14496264,False,False,,,,,missing_trajectory_record
241,14512960,False,False,,,,,missing_trajectory_record
242,14529656,True,True,0.0,-0.012724283504733992,-0.1877808147259177,0.0589610987916365,
243,14563048,False,False,,,,,missing_trajectory_record
244,14579744,False,False,,,,,missing_trajectory_record
245,14596440,False,False,,,,,missing_trajectory_record
246,14613136,False,False,,,,,missing_trajectory_record
247,14646529,False,False,,,,,missing_trajectory_record
248,14663225,True,True,0.0,-0.008742553776187911,-0.20970710760908182,0.06380911302904785,
249,14679921,False,False,,,,,missing_trajectory_record
250,14696617,False,False,,,,,missing_trajectory_record
251,14713313,False,False,,,,,missing_trajectory_record
252,14730009,False,False,,,,,missing_trajectory_record
253,14746705,False,False,,,,,missing_trajectory_record
254,14763401,False,False,,,,,missing_trajectory_record
255,14780097,False,False,,,,,missing_trajectory_record
256,14813489,True,True,0.0,0.006961899402480156,-0.2423359633002689,0.06665491214181525,
257,14830185,False,False,,,,,missing_trajectory_record
258,14846881,False,False,,,,,missing_trajectory_record
259,14863577,False,False,,,,,missing_trajectory_record
260,14880273,False,False,,,,,missing_trajectory_record
261,14896969,False,False,,,,,missing_trajectory_record
262,14930361,False,False,,,,,missing_trajectory_record
263,14947057,True,True,0.0,-0.018332099586507056,-0.23439765429455753,0.06831152507447952,
264,14963753,False,False,,,,,missing_trajectory_record
265,14980449,False,False,,,,,missing_trajectory_record
266,14997145,False,False,,,,,missing_trajectory_record
267,15030537,False,False,,,,,missing_trajectory_record
268,15047233,False,False,,,,,missing_trajectory_record
269,15063929,False,False,,,,,missing_trajectory_record
270,15080625,True,True,0.0,-0.009468631606011213,-0.2346121369198295,0.0688549122098879,
271,15114017,False,False,,,,,missing_trajectory_record
272,15130713,False,False,,,,,missing_trajectory_record
273,15147409,False,False,,,,,missing_trajectory_record
274,15164105,False,False,,,,,missing_trajectory_record
275,15197497,False,False,,,,,missing_trajectory_record
276,15214193,True,True,0.0,-0.0377678523598815,-0.23687766593003068,0.06723747221415803,
277,15230889,False,False,,,,,missing_trajectory_record
278,15247585,False,False,,,,,missing_trajectory_record
279,15264281,False,False,,,,,missing_trajectory_record
280,15280977,False,False,,,,,missing_trajectory_record
281,15314369,False,False,,,,,missing_trajectory_record
282,15331065,False,False,,,,,missing_trajectory_record
283,15347761,True,True,0.0,-0.008364371414536576,-0.29589641826183627,0.04813497311631207,
284,15364457,False,False,,,,,missing_trajectory_record
285,15397849,False,False,,,,,missing_trajectory_record
286,15414545,False,False,,,,,missing_trajectory_record
287,15447937,False,False,,,,,missing_trajectory_record
288,15464633,False,False,,,,,missing_trajectory_record
289,15481329,True,True,0.0,-0.039656740445846765,-0.23617333078276934,0.05385279370755057,
290,15498025,False,False,,,,,missing_trajectory_record
291,15531417,False,False,,,,,missing_trajectory_record
292,15548113,False,False,,,,,missing_trajectory_record
293,15564809,False,False,,,,,missing_trajectory_record
294,15581505,False,False,,,,,missing_trajectory_record
295,15598201,False,False,,,,,missing_trajectory_record
296,15631593,True,True,0.0,-0.018846250117615638,-0.2397071392364346,0.03912393863874383,
297,15648290,False,False,,,,,missing_trajectory_record
298,15664986,False,False,,,,,missing_trajectory_record
299,15681682,False,False,,,,,missing_trajectory_record
300,15698378,False,False,,,,,missing_trajectory_record
301,15731770,False,False,,,,,missing_trajectory_record
302,15748466,False,False,,,,,missing_trajectory_record
303,15765162,True,True,0.0,-0.02117241667396794,-0.2469255291936697,0.036627116196924575,
304,15781858,False,False,,,,,missing_trajectory_record
305,15815250,False,False,,,,,missing_trajectory_record
306,15831946,False,False,,,,,missing_trajectory_record
307,15848642,False,False,,,,,missing_trajectory_record
308,15865338,False,False,,,,,missing_trajectory_record
309,15898730,True,True,0.0,-0.03257247389407569,-0.2814340374340254,0.04691886669332476,
310,15915426,False,False,,,,,missing_trajectory_record
311,15932122,False,False,,,,,missing_trajectory_record
312,15965514,False,False,,,,,missing_trajectory_record
313,15982210,False,False,,,,,missing_trajectory_record
314,15998906,False,False,,,,,missing_trajectory_record
315,16032298,True,True,0.0,-0.035336710460597894,-0.35431580407253943,0.051495114055106504,
316,16048994,False,False,,,,,missing_trajectory_record
317,16065690,False,False,,,,,missing_trajectory_record
318,16082386,False,False,,,,,missing_trajectory_record
319,16115777,False,False,,,,,missing_trajectory_record
320,16132473,False,False,,,,,missing_trajectory_record
321,16149170,False,False,,,,,missing_trajectory_record
322,16165866,True,True,0.0,0.0025473889405374923,-0.32783238717285657,0.04285574457177948,
323,16182562,False,False,,,,,missing_trajectory_record
324,16215954,False,False,,,,,missing_trajectory_record
325,16232650,False,False,,,,,missing_trajectory_record
326,16249346,False,False,,,,,missing_trajectory_record
327,16266041,False,False,,,,,missing_trajectory_record
328,16282737,False,False,,,,,missing_trajectory_record
329,16316130,True,True,0.0,-0.05366353835592087,-0.3247735520265659,0.05073393138384461,
330,16332826,False,False,,,,,missing_trajectory_record
331,16349522,False,False,,,,,missing_trajectory_record
332,16366218,False,False,,,,,missing_trajectory_record
333,16399610,False,False,,,,,missing_trajectory_record
334,16416305,False,False,,,,,missing_trajectory_record
335,16433001,False,False,,,,,missing_trajectory_record
336,16449698,True,True,0.0,-0.024535027598744638,-0.31743617069116414,0.03763087719062306,
337,16483090,False,False,,,,,missing_trajectory_record
338,16499786,False,False,,,,,missing_trajectory_record
339,16516482,False,False,,,,,missing_trajectory_record
340,16533178,False,False,,,,,missing_trajectory_record
341,16549874,False,False,,,,,missing_trajectory_record
342,16583265,True,True,0.0,0.0056405024557398264,-0.3353395134399447,0.032835658622315356,
343,16599962,False,False,,,,,missing_trajectory_record
344,16616658,False,False,,,,,missing_trajectory_record
345,16633354,False,False,,,,,missing_trajectory_record
346,16666746,False,False,,,,,missing_trajectory_record
347,16683442,False,False,,,,,missing_trajectory_record
348,16716835,True,True,0.0,-0.007121253268286288,-0.3716066531036749,0.04983596150309818,
349,16733531,False,False,,,,,missing_trajectory_record
350,16750226,False,False,,,,,missing_trajectory_record
351,16766922,False,False,,,,,missing_trajectory_record
352,16800315,False,False,,,,,missing_trajectory_record
353,16817011,False,False,,,,,missing_trajectory_record
354,16833707,False,False,,,,,missing_trajectory_record
355,16867099,True,True,0.0,-0.033755836487055435,-0.38905034825903845,0.05999477211670644,
356,16883795,False,False,,,,,missing_trajectory_record
357,16900491,False,False,,,,,missing_trajectory_record
358,16933883,False,False,,,,,missing_trajectory_record
359,16950579,False,False,,,,,missing_trajectory_record
360,16967275,False,False,,,,,missing_trajectory_record
361,16983971,False,False,,,,,missing_trajectory_record
362,17017363,True,True,0.0,-0.05350544030773981,-0.3805787698049078,0.058531948494423315,
363,17034059,False,False,,,,,missing_trajectory_record
364,17050755,False,False,,,,,missing_trajectory_record
365,17067451,False,False,,,,,missing_trajectory_record
366,17084147,False,False,,,,,missing_trajectory_record
367,17117539,False,False,,,,,missing_trajectory_record
368,17134235,False,False,,,,,missing_trajectory_record
369,17150931,True,True,0.0,-0.04030943016177226,-0.3850627546428928,0.06135278875988873,
370,17167627,False,False,,,,,missing_trajectory_record
371,17184323,False,False,,,,,missing_trajectory_record
372,17217715,False,False,,,,,missing_trajectory_record
373,17234411,False,False,,,,,missing_trajectory_record
374,17251107,False,False,,,,,missing_trajectory_record
375,17284499,True,True,0.0,-0.03468383655472135,-0.4117955571931272,0.07858886162082884,
376,17301195,False,False,,,,,missing_trajectory_record
377,17317891,False,False,,,,,missing_trajectory_record
378,17334587,False,False,,,,,missing_trajectory_record
379,17351283,False,False,,,,,missing_trajectory_record
380,17384675,False,False,,,,,missing_trajectory_record
381,17401371,False,False,,,,,missing_trajectory_record
382,17418067,True,True,0.0,-0.04085733335752555,-0.37359080163047054,0.04093340373497398,
383,17434763,False,False,,,,,missing_trajectory_record
384,17468155,False,False,,,,,missing_trajectory_record
385,17484851,False,False,,,,,missing_trajectory_record
386,17501547,False,False,,,,,missing_trajectory_record
387,17518243,False,False,,,,,missing_trajectory_record
388,17534939,False,False,,,,,missing_trajectory_record
389,17551635,True,True,0.0,-0.04490403604929837,-0.3790657393618371,0.04411412950450883,
390,17585027,False,False,,,,,missing_trajectory_record
391,17601723,False,False,,,,,missing_trajectory_record
392,17618419,False,False,,,,,missing_trajectory_record
393,17651811,False,False,,,,,missing_trajectory_record
394,17668507,False,False,,,,,missing_trajectory_record
395,17685203,True,True,0.0,-0.02410572365153381,-0.35352047358411015,0.028865176789737528,
396,17701899,False,False,,,,,missing_trajectory_record
397,17735291,False,False,,,,,missing_trajectory_record
398,17751987,False,False,,,,,missing_trajectory_record
399,17768684,False,False,,,,,missing_trajectory_record
400,17785380,False,False,,,,,missing_trajectory_record
401,17818772,True,True,0.0,-0.07645060626519166,-0.3596582701334658,0.038556240962348366,
402,17835468,False,False,,,,,missing_trajectory_record
403,17852164,False,False,,,,,missing_trajectory_record
404,17885556,False,False,,,,,missing_trajectory_record
405,17902252,False,False,,,,,missing_trajectory_record
406,17918948,False,False,,,,,missing_trajectory_record
407,17935644,False,False,,,,,missing_trajectory_record
408,17969036,True,True,0.0,-0.016791023966865454,-0.42061273455594966,0.016962740533564426,
409,17985732,False,False,,,,,missing_trajectory_record
410,18002428,False,False,,,,,missing_trajectory_record
411,18019124,False,False,,,,,missing_trajectory_record
412,18035820,False,False,,,,,missing_trajectory_record
413,18069212,False,False,,,,,missing_trajectory_record
414,18085908,False,False,,,,,missing_trajectory_record
415,18102604,True,True,0.0,-0.08390863508954115,-0.36049000080451205,0.030864195989743777,
416,18119300,False,False,,,,,missing_trajectory_record
417,18152692,False,False,,,,,missing_trajectory_record
418,18169388,False,False,,,,,missing_trajectory_record
419,18186084,False,False,,,,,missing_trajectory_record
420,18202780,False,False,,,,,missing_trajectory_record
421,18236172,True,True,0.0,-0.04313649965779444,-0.4042967100457108,0.015545717007311121,
422,18252868,False,False,,,,,missing_trajectory_record
423,18269564,False,False,,,,,missing_trajectory_record
424,18286260,False,False,,,,,missing_trajectory_record
425,18319652,False,False,,,,,missing_trajectory_record
426,18336348,False,False,,,,,missing_trajectory_record
427,18353044,False,False,,,,,missing_trajectory_record
428,18369740,True,True,0.0,-0.06925454257563693,-0.4263429444128174,0.025585901218390095,
429,18403132,False,False,,,,,missing_trajectory_record
430,18419828,False,False,,,,,missing_trajectory_record
431,18436524,False,False,,,,,missing_trajectory_record
432,18453220,False,False,,,,,missing_trajectory_record
433,18486612,False,False,,,,,missing_trajectory_record
434,18503308,True,True,0.0,-0.04807740306248204,-0.38352198133551296,0.014145283586810244,
435,18520004,False,False,,,,,missing_trajectory_record
436,18536700,False,False,,,,,missing_trajectory_record
437,18570092,False,False,,,,,missing_trajectory_record
438,18586788,False,False,,,,,missing_trajectory_record
439,18603484,False,False,,,,,missing_trajectory_record
440,18620180,False,False,,,,,missing_trajectory_record
441,18653572,True,True,0.0,-0.07182133427117837,-0.38492297934966785,-0.01054806161092227,
442,18670268,False,False,,,,,missing_trajectory_record
443,18686964,False,False,,,,,missing_trajectory_record
444,18703660,False,False,,,,,missing_trajectory_record
445,18737052,False,False,,,,,missing_trajectory_record
446,18753748,False,False,,,,,missing_trajectory_record
447,18770444,False,False,,,,,missing_trajectory_record
448,18787140,True,True,0.0,-0.07477797180894734,-0.3916023228058287,-0.028566925614433067,
449,18820533,False,False,,,,,missing_trajectory_record
450,18837229,False,False,,,,,missing_trajectory_record
451,18853925,False,False,,,,,missing_trajectory_record
452,18870621,False,False,,,,,missing_trajectory_record
453,18904013,False,False,,,,,missing_trajectory_record
454,18920709,True,True,0.0,-0.14039957295613942,-0.37070494231874324,-0.02299905410474989,
455,18937405,False,False,,,,,missing_trajectory_record
456,18954101,False,False,,,,,missing_trajectory_record
457,18970797,False,False,,,,,missing_trajectory_record
458,19004189,False,False,,,,,missing_trajectory_record
459,19020885,False,False,,,,,missing_trajectory_record
460,19037581,False,False,,,,,missing_trajectory_record
461,19054277,True,True,0.0,-0.039103490735972725,-0.4344790865927146,-0.008435737614266425,
462,19087669,False,False,,,,,missing_trajectory_record
463,19104365,False,False,,,,,missing_trajectory_record
464,19121061,False,False,,,,,missing_trajectory_record
465,19137757,False,False,,,,,missing_trajectory_record
466,19171149,False,False,,,,,missing_trajectory_record
467,19187845,True,True,0.0,-0.08296384898944345,-0.4236840721468711,0.009675933423867867,
468,19204541,False,False,,,,,missing_trajectory_record
469,19221237,False,False,,,,,missing_trajectory_record
470,19254629,False,False,,,,,missing_trajectory_record
471,19271325,False,False,,,,,missing_trajectory_record
472,19288021,False,False,,,,,missing_trajectory_record
473,19321413,True,True,0.0,-0.09285227011139276,-0.40583608084307854,-0.007707856567908689,
474,19338109,False,False,,,,,missing_trajectory_record
475,19354805,False,False,,,,,missing_trajectory_record
476,19371501,False,False,,,,,missing_trajectory_record
477,19404893,False,False,,,,,missing_trajectory_record
478,19421589,False,False,,,,,missing_trajectory_record
479,19438285,False,False,,,,,missing_trajectory_record
480,19454981,True,True,0.0,-0.09702847483136685,-0.4008883176856353,9.593827439900297e-05,
481,19488373,False,False,,,,,missing_trajectory_record
482,19505069,False,False,,,,,missing_trajectory_record
483,19521765,False,False,,,,,missing_trajectory_record
484,19538461,False,False,,,,,missing_trajectory_record
485,19571853,False,False,,,,,missing_trajectory_record
486,19588549,True,True,0.0,-0.09739480299833879,-0.43586359683984655,-0.006333774484509064,
487,19605245,False,False,,,,,missing_trajectory_record
488,19638637,False,False,,,,,missing_trajectory_record
489,19655333,False,False,,,,,missing_trajectory_record
490,19672029,False,False,,,,,missing_trajectory_record
491,19688725,False,False,,,,,missing_trajectory_record
492,19705421,False,False,,,,,missing_trajectory_record
493,19738814,True,True,0.0,-0.12938925870003978,-0.41122235993713124,-0.033696115941890654,
494,19755509,False,False,,,,,missing_trajectory_record
495,19772205,False,False,,,,,missing_trajectory_record
496,19788901,False,False,,,,,missing_trajectory_record
497,19822294,False,False,,,,,missing_trajectory_record
498,19838990,False,False,,,,,missing_trajectory_record
499,19855686,False,False,,,,,missing_trajectory_record
500,19872382,True,True,0.0,-0.13944306954141888,-0.4388840834109817,-0.053284519276862195,
501,19889078,False,False,,,,,missing_trajectory_record
502,19922470,False,False,,,,,missing_trajectory_record
503,19939166,False,False,,,,,missing_trajectory_record
504,19955862,False,False,,,,,missing_trajectory_record
505,19972558,False,False,,,,,missing_trajectory_record
506,20005950,True,True,0.0,-0.1194288340773386,-0.4515208925914831,-0.04580840330093244,
507,20022646,False,False,,,,,missing_trajectory_record
508,20039342,False,False,,,,,missing_trajectory_record
509,20056038,False,False,,,,,missing_trajectory_record
510,20072734,False,False,,,,,missing_trajectory_record
511,20106126,False,False,,,,,missing_trajectory_record
512,20122822,False,False,,,,,missing_trajectory_record
513,20139518,True,True,0.0,-0.1297230906259084,-0.5138947561857541,-0.03600691653797211,
514,20156214,False,False,,,,,missing_trajectory_record
515,20189606,False,False,,,,,missing_trajectory_record
516,20206302,False,False,,,,,missing_trajectory_record
517,20222998,False,False,,,,,missing_trajectory_record
518,20239694,False,False,,,,,missing_trajectory_record
519,20256390,False,False,,,,,missing_trajectory_record
520,20289782,True,True,0.0,-0.16254966040299662,-0.4856076559575558,-0.049373037797627306,
521,20306478,False,False,,,,,missing_trajectory_record
522,20323174,False,False,,,,,missing_trajectory_record
523,20339870,False,False,,,,,missing_trajectory_record
524,20356566,False,False,,,,,missing_trajectory_record
525,20389958,False,False,,,,,missing_trajectory_record
526,20406654,False,False,,,,,missing_trajectory_record
527,20423350,True,True,0.0,-0.1950485915864606,-0.5026473156702731,-0.044624371129890865,
528,20440046,False,False,,,,,missing_trajectory_record
529,20473438,False,False,,,,,missing_trajectory_record
530,20490134,False,False,,,,,missing_trajectory_record
531,20506830,False,False,,,,,missing_trajectory_record
532,20523526,False,False,,,,,missing_trajectory_record
533,20556918,True,True,0.0,-0.15798692097220515,-0.5223135273997251,-0.04089989461871352,
534,20573614,False,False,,,,,missing_trajectory_record
535,20590310,False,False,,,,,missing_trajectory_record
536,20607006,False,False,,,,,missing_trajectory_record
537,20640398,False,False,,,,,missing_trajectory_record
538,20657094,False,False,,,,,missing_trajectory_record
539,20673790,False,False,,,,,missing_trajectory_record
540,20707182,True,True,0.0,-0.12922913966485894,-0.49893513782466137,-0.025896443440594878,
541,20723878,False,False,,,,,missing_trajectory_record
542,20740574,False,False,,,,,missing_trajectory_record
543,20757270,False,False,,,,,missing_trajectory_record
544,20790662,False,False,,,,,missing_trajectory_record
545,20807358,False,False,,,,,missing_trajectory_record
546,20824054,False,False,,,,,missing_trajectory_record
547,20840750,True,True,0.0,-0.16081256383892645,-0.48637986437592945,-0.035685145245910106,
548,20874143,False,False,,,,,missing_trajectory_record
549,20890839,False,False,,,,,missing_trajectory_record
550,20907535,False,False,,,,,missing_trajectory_record
551,20924231,False,False,,,,,missing_trajectory_record
552,20957623,False,False,,,,,missing_trajectory_record
553,20974319,True,True,0.0,-0.1609810127252295,-0.5205834667175591,-0.058489683356099116,
554,20991015,False,False,,,,,missing_trajectory_record
555,21007711,False,False,,,,,missing_trajectory_record
556,21024407,False,False,,,,,missing_trajectory_record
557,21057799,False,False,,,,,missing_trajectory_record
558,21074495,False,False,,,,,missing_trajectory_record
559,21091191,False,False,,,,,missing_trajectory_record
560,21107887,True,True,0.0,-0.17680386574302853,-0.5336106021520194,-0.06016098385608072,
561,21141279,False,False,,,,,missing_trajectory_record
562,21157975,False,False,,,,,missing_trajectory_record
563,21191367,False,False,,,,,missing_trajectory_record
564,21208063,False,False,,,,,missing_trajectory_record
565,21224759,False,False,,,,,missing_trajectory_record
566,21241455,True,True,0.0,-0.1534055343426044,-0.49666964822116033,-0.08652012179304437,
567,21258151,False,False,,,,,missing_trajectory_record
568,21291543,False,False,,,,,missing_trajectory_record
569,21308239,False,False,,,,,missing_trajectory_record
570,21324935,False,False,,,,,missing_trajectory_record
571,21341631,False,False,,,,,missing_trajectory_record
572,21375023,True,True,0.0,-0.16675484295084295,-0.49958152386506427,-0.08745466346189111,
573,21391719,False,False,,,,,missing_trajectory_record
574,21408415,False,False,,,,,missing_trajectory_record
575,21425111,False,False,,,,,missing_trajectory_record
576,21458503,False,False,,,,,missing_trajectory_record
577,21475199,False,False,,,,,missing_trajectory_record
578,21491895,False,False,,,,,missing_trajectory_record
579,21508591,True,True,0.0,-0.18769902501161054,-0.469329901306199,-0.09199241201564243,
580,21541983,False,False,,,,,missing_trajectory_record
581,21558679,False,False,,,,,missing_trajectory_record
582,21575375,False,False,,,,,missing_trajectory_record
583,21592071,False,False,,,,,missing_trajectory_record
584,21625463,False,False,,,,,missing_trajectory_record
585,21642159,True,True,0.0,-0.1775658111114571,-0.5414810823086119,-0.08568299218490075,
586,21658855,False,False,,,,,missing_trajectory_record
587,21675551,False,False,,,,,missing_trajectory_record
588,21692247,False,False,,,,,missing_trajectory_record
589,21725639,False,False,,,,,missing_trajectory_record
590,21742335,False,False,,,,,missing_trajectory_record
591,21759031,False,False,,,,,missing_trajectory_record
592,21775727,True,True,0.0,-0.12387577608643428,-0.5423466143849911,-0.06487319025723452,
593,21809119,False,False,,,,,missing_trajectory_record
594,21825815,False,False,,,,,missing_trajectory_record
595,21842511,False,False,,,,,missing_trajectory_record
596,21875903,False,False,,,,,missing_trajectory_record
597,21892599,False,False,,,,,missing_trajectory_record
598,21909295,True,True,0.0,-0.13336722534627996,-0.5340419074271932,-0.10193587711022216,
599,21942688,False,False,,,,,missing_trajectory_record
600,21959384,False,False,,,,,missing_trajectory_record
601,21976080,False,False,,,,,missing_trajectory_record
602,21992776,False,False,,,,,missing_trajectory_record
603,22026168,False,False,,,,,missing_trajectory_record
604,22042864,True,True,0.0,-0.11675217497621754,-0.5007209925558489,-0.09633076724177912,
605,22059560,False,False,,,,,missing_trajectory_record
606,22076256,False,False,,,,,missing_trajectory_record
607,22109648,False,False,,,,,missing_trajectory_record
608,22126344,False,False,,,,,missing_trajectory_record
609,22143040,False,False,,,,,missing_trajectory_record
610,22176432,True,True,0.0,-0.18964705491962675,-0.5276538154954652,-0.1039280529631252,
611,22193128,False,False,,,,,missing_trajectory_record
612,22209824,False,False,,,,,missing_trajectory_record
613,22226520,False,False,,,,,missing_trajectory_record
614,22259912,False,False,,,,,missing_trajectory_record
615,22276608,False,False,,,,,missing_trajectory_record
616,22293304,False,False,,,,,missing_trajectory_record
617,22310000,True,True,0.0,-0.16612585256583537,-0.541043143761674,-0.11661475826633061,
618,22343392,False,False,,,,,missing_trajectory_record
619,22360088,False,False,,,,,missing_trajectory_record
620,22376784,False,False,,,,,missing_trajectory_record
621,22410176,False,False,,,,,missing_trajectory_record
622,22426872,False,False,,,,,missing_trajectory_record
623,22443568,True,True,0.0,-0.13862866262420234,-0.5538367129819443,-0.03670677621123239,
624,22460264,False,False,,,,,missing_trajectory_record
625,22493656,False,False,,,,,missing_trajectory_record
626,22510352,False,False,,,,,missing_trajectory_record
627,22527048,False,False,,,,,missing_trajectory_record
628,22560440,False,False,,,,,missing_trajectory_record
629,22577136,True,True,0.0,-0.1439942681139992,-0.5283058716408469,-0.07065965120894249,
630,22593832,False,False,,,,,missing_trajectory_record
631,22627224,False,False,,,,,missing_trajectory_record
632,22643920,False,False,,,,,missing_trajectory_record
633,22660616,False,False,,,,,missing_trajectory_record
634,22677312,False,False,,,,,missing_trajectory_record
635,22710704,True,True,0.0,-0.1273139012748571,-0.5334047470502367,-0.07653868764467359,
636,22727400,False,False,,,,,missing_trajectory_record
637,22744096,False,False,,,,,missing_trajectory_record
638,22777488,False,False,,,,,missing_trajectory_record
639,22794184,False,False,,,,,missing_trajectory_record
640,22810880,False,False,,,,,missing_trajectory_record
641,22827576,False,False,,,,,missing_trajectory_record
642,22860968,True,True,0.0,-0.15066469072448932,-0.5482636293777166,-0.09123748580700627,
643,22877664,False,False,,,,,missing_trajectory_record
644,22894360,False,False,,,,,missing_trajectory_record
645,22927752,False,False,,,,,missing_trajectory_record
646,22944448,False,False,,,,,missing_trajectory_record
647,22961144,False,False,,,,,missing_trajectory_record
648,22977841,False,False,,,,,missing_trajectory_record
649,23011233,True,True,0.0,-0.10444347258031274,-0.5797678914423728,-0.06775907431633357,
650,23027929,False,False,,,,,missing_trajectory_record
651,23044625,False,False,,,,,missing_trajectory_record
652,23061321,False,False,,,,,missing_trajectory_record
653,23094713,False,False,,,,,missing_trajectory_record
654,23111409,False,False,,,,,missing_trajectory_record
655,23128105,False,False,,,,,missing_trajectory_record
656,23144801,True,True,0.0,-0.10575443417879143,-0.5883597068822659,-0.08507709357646555,
657,23178193,False,False,,,,,missing_trajectory_record
658,23194889,False,False,,,,,missing_trajectory_record
659,23211585,False,False,,,,,missing_trajectory_record
660,23228281,False,False,,,,,missing_trajectory_record
661,23261673,False,False,,,,,missing_trajectory_record
662,23278369,True,True,0.0,-0.12022978310042107,-0.5779199800958325,-0.10672679838028226,
663,23295065,False,False,,,,,missing_trajectory_record
664,23328457,False,False,,,,,missing_trajectory_record
665,23345153,False,False,,,,,missing_trajectory_record
666,23361849,False,False,,,,,missing_trajectory_record
667,23395241,False,False,,,,,missing_trajectory_record
668,23411937,True,True,0.0,-0.1299594647378218,-0.5803013291746908,-0.10273098311871348,
669,23428633,False,False,,,,,missing_trajectory_record
670,23445329,False,False,,,,,missing_trajectory_record
671,23478721,False,False,,,,,missing_trajectory_record
672,23495417,False,False,,,,,missing_trajectory_record
673,23512113,False,False,,,,,missing_trajectory_record
674,23528809,False,False,,,,,missing_trajectory_record
675,23562201,True,True,0.0,-0.15071968155231857,-0.5558403052520724,-0.09305343794213329,
676,23578897,False,False,,,,,missing_trajectory_record
677,23595593,False,False,,,,,missing_trajectory_record
678,23628985,False,False,,,,,missing_trajectory_record
679,23645681,False,False,,,,,missing_trajectory_record
680,23662377,False,False,,,,,missing_trajectory_record
681,23679073,False,False,,,,,missing_trajectory_record
682,23712465,True,True,0.0,-0.1763999111522035,-0.5536703820004922,-0.1092777899002657,
683,23729161,False,False,,,,,missing_trajectory_record
684,23745857,False,False,,,,,missing_trajectory_record
685,23779249,False,False,,,,,missing_trajectory_record
686,23795945,False,False,,,,,missing_trajectory_record
687,23812641,False,False,,,,,missing_trajectory_record
688,23829337,False,False,,,,,missing_trajectory_record
689,23846033,True,True,0.0,-0.13224072208062287,-0.5548780396671086,-0.12358912057930917,
690,23879425,False,False,,,,,missing_trajectory_record
691,23896121,False,False,,,,,missing_trajectory_record
692,23912817,False,False,,,,,missing_trajectory_record
693,23946209,False,False,,,,,missing_trajectory_record
694,23962905,False,False,,,,,missing_trajectory_record
695,23979601,True,True,0.0,-0.11511111850485518,-0.5502407602163515,-0.1371370106827777,
696,24012994,False,False,,,,,missing_trajectory_record
697,24029690,False,False,,,,,missing_trajectory_record
698,24046386,False,False,,,,,missing_trajectory_record
699,24063082,False,False,,,,,missing_trajectory_record
700,24096474,False,False,,,,,missing_trajectory_record
701,24113170,True,True,0.0,-0.1285546835205676,-0.5679258950317685,-0.14679028431861646,
702,24129866,False,False,,,,,missing_trajectory_record
703,24146562,False,False,,,,,missing_trajectory_record
704,24163258,False,False,,,,,missing_trajectory_record
705,24196650,False,False,,,,,missing_trajectory_record
706,24213346,False,False,,,,,missing_trajectory_record
707,24230042,False,False,,,,,missing_trajectory_record
708,24263434,True,True,0.0,-0.12464039801224959,-0.549203031292625,-0.14527156942865016,
709,24280130,False,False,,,,,missing_trajectory_record
710,24296826,False,False,,,,,missing_trajectory_record
711,24330218,False,False,,,,,missing_trajectory_record
712,24346914,False,False,,,,,missing_trajectory_record
713,24363610,False,False,,,,,missing_trajectory_record
714,24380306,False,False,,,,,missing_trajectory_record
715,24413698,True,True,0.0,-0.192934453555867,-0.6196200390203386,-0.11559382301398709,
716,24430394,False,False,,,,,missing_trajectory_record
717,24447090,False,False,,,,,missing_trajectory_record
718,24463786,False,False,,,,,missing_trajectory_record
719,24497178,False,False,,,,,missing_trajectory_record
720,24513874,False,False,,,,,missing_trajectory_record
721,24530570,False,False,,,,,missing_trajectory_record
722,24563962,True,True,0.0,-0.19254424216171864,-0.5577516517090633,-0.10594116015369623,
723,24580658,False,False,,,,,missing_trajectory_record
724,24614050,False,False,,,,,missing_trajectory_record
725,24630746,False,False,,,,,missing_trajectory_record
726,24647442,False,False,,,,,missing_trajectory_record
727,24680834,False,False,,,,,missing_trajectory_record
728,24697530,True,True,0.0,-0.19881971714708352,-0.5630447873495998,-0.1179696147868667,
729,24714226,False,False,,,,,missing_trajectory_record
730,24747618,False,False,,,,,missing_trajectory_record
731,24764314,False,False,,,,,missing_trajectory_record
732,24797706,False,False,,,,,missing_trajectory_record
733,24814402,False,False,,,,,missing_trajectory_record
734,24831098,True,True,0.0,-0.19015888343995313,-0.5583950878712858,-0.10948655365219746,
735,24847794,False,False,,,,,missing_trajectory_record
736,24881186,False,False,,,,,missing_trajectory_record
737,24897882,False,False,,,,,missing_trajectory_record
738,24931274,False,False,,,,,missing_trajectory_record
739,24947970,False,False,,,,,missing_trajectory_record
740,24981362,True,True,0.0,-0.18543746426977034,-0.6047944249419717,-0.12779644418503694,
741,24998058,False,False,,,,,missing_trajectory_record
742,25014754,False,False,,,,,missing_trajectory_record
743,25031450,False,False,,,,,missing_trajectory_record
744,25048147,False,False,,,,,missing_trajectory_record
745,25081539,False,False,,,,,missing_trajectory_record
746,25098235,False,False,,,,,missing_trajectory_record
747,25114931,True,True,0.0,-0.19855981723804797,-0.6371020031351342,-0.161261448921887,
748,25148323,False,False,,,,,missing_trajectory_record
749,25165019,False,False,,,,,missing_trajectory_record
750,25181715,False,False,,,,,missing_trajectory_record
751,25198411,False,False,,,,,missing_trajectory_record
752,25215107,False,False,,,,,missing_trajectory_record
753,25248499,True,True,0.0,-0.2039030671347667,-0.579572703082408,-0.09793129238963473,
754,25265195,False,False,,,,,missing_trajectory_record
755,25281891,False,False,,,,,missing_trajectory_record
756,25298587,False,False,,,,,missing_trajectory_record
757,25331979,False,False,,,,,missing_trajectory_record
758,25348675,False,False,,,,,missing_trajectory_record
759,25365371,False,False,,,,,missing_trajectory_record
760,25398763,True,True,0.0,-0.12307534117268876,-0.5680540889491061,-0.12450613702045943,
761,25415459,False,False,,,,,missing_trajectory_record
762,25432155,False,False,,,,,missing_trajectory_record
763,25465547,False,False,,,,,missing_trajectory_record
764,25482243,False,False,,,,,missing_trajectory_record
765,25498939,False,False,,,,,missing_trajectory_record
766,25532331,True,True,0.0,-0.1659655882679804,-0.5623010561646133,-0.10811388024075713,
767,25549027,False,False,,,,,missing_trajectory_record
768,25565723,False,False,,,,,missing_trajectory_record
769,25582419,False,False,,,,,missing_trajectory_record
770,25615811,False,False,,,,,missing_trajectory_record
771,25632507,False,False,,,,,missing_trajectory_record
772,25649203,False,False,,,,,missing_trajectory_record
773,25665899,True,True,0.0,-0.16707530560218806,-0.6053620356723639,-0.1053408782500312,
774,25699291,False,False,,,,,missing_trajectory_record
775,25715987,False,False,,,,,missing_trajectory_record
776,25732683,False,False,,,,,missing_trajectory_record
777,25749379,False,False,,,,,missing_trajectory_record
778,25782771,False,False,,,,,missing_trajectory_record
779,25799467,True,True,0.0,-0.1619409753229278,-0.5532888256085129,-0.1213727598512151,
780,25816163,False,False,,,,,missing_trajectory_record
781,25832859,False,False,,,,,missing_trajectory_record
782,25866251,False,False,,,,,missing_trajectory_record
783,25882947,False,False,,,,,missing_trajectory_record
784,25899643,False,False,,,,,missing_trajectory_record
785,25916339,False,False,,,,,missing_trajectory_record
786,25933035,True,True,0.0,-0.18044105373053324,-0.6110842466432067,-0.1278520248394837,
787,25966427,False,False,,,,,missing_trajectory_record
788,25983123,False,False,,,,,missing_trajectory_record
789,25999819,False,False,,,,,missing_trajectory_record
790,26033211,False,False,,,,,missing_trajectory_record
791,26049907,False,False,,,,,missing_trajectory_record
792,26066603,True,True,0.0,-0.22376141160514137,-0.5966920494579792,-0.11480983780912132,
793,26083299,False,False,,,,,missing_trajectory_record
794,26116692,False,False,,,,,missing_trajectory_record
795,26133388,False,False,,,,,missing_trajectory_record
796,26150084,False,False,,,,,missing_trajectory_record
797,26166780,False,False,,,,,missing_trajectory_record
798,26183476,False,False,,,,,missing_trajectory_record
799,26216868,True,True,0.0,-0.24337049397541174,-0.6128639708194477,-0.09938306108837489,
800,26233564,False,False,,,,,missing_trajectory_record
801,26250260,False,False,,,,,missing_trajectory_record
802,26283652,False,False,,,,,missing_trajectory_record
803,26300348,False,False,,,,,missing_trajectory_record
804,26317044,False,False,,,,,missing_trajectory_record
805,26350436,True,True,0.0,-0.22382881397011894,-0.5982783336681416,-0.11364785719079802,
806,26367132,False,False,,,,,missing_trajectory_record
807,26383828,False,False,,,,,missing_trajectory_record
808,26400524,False,False,,,,,missing_trajectory_record
809,26433916,False,False,,,,,missing_trajectory_record
810,26450612,False,False,,,,,missing_trajectory_record
811,26484004,True,True,0.0,-0.22822815934226878,-0.5980826151632124,-0.12321755167057451,
812,26500700,False,False,,,,,missing_trajectory_record
813,26517396,False,False,,,,,missing_trajectory_record
814,26550788,False,False,,,,,missing_trajectory_record
815,26567484,False,False,,,,,missing_trajectory_record
816,26584180,False,False,,,,,missing_trajectory_record
817,26600876,False,False,,,,,missing_trajectory_record
818,26634268,True,True,0.0,-0.18380359577881622,-0.5857056851021677,-0.11921748038159727,
819,26650964,False,False,,,,,missing_trajectory_record
820,26667660,False,False,,,,,missing_trajectory_record
821,26684356,False,False,,,,,missing_trajectory_record
822,26717748,False,False,,,,,missing_trajectory_record
823,26734444,False,False,,,,,missing_trajectory_record
824,26751140,False,False,,,,,missing_trajectory_record
825,26767836,True,True,0.0,-0.14886670410217165,-0.6755751343665387,-0.11089929997927928,
826,26784532,False,False,,,,,missing_trajectory_record
827,26817924,False,False,,,,,missing_trajectory_record
828,26834620,False,False,,,,,missing_trajectory_record
829,26851316,False,False,,,,,missing_trajectory_record
830,26868012,False,False,,,,,missing_trajectory_record
831,26901404,True,True,0.0,-0.12127302396333749,-0.6442562429144734,-0.12691523734672486,
832,26918100,False,False,,,,,missing_trajectory_record
833,26934796,False,False,,,,,missing_trajectory_record
834,26951492,False,False,,,,,missing_trajectory_record
835,26968188,False,False,,,,,missing_trajectory_record
836,27001580,False,False,,,,,missing_trajectory_record
837,27018276,False,False,,,,,missing_trajectory_record
838,27034972,True,True,0.0,-0.18985705817520684,-0.6515140015075475,-0.1261930011033648,
839,27051668,False,False,,,,,missing_trajectory_record
840,27085060,False,False,,,,,missing_trajectory_record
841,27101756,False,False,,,,,missing_trajectory_record
842,27118452,False,False,,,,,missing_trajectory_record
843,27135148,False,False,,,,,missing_trajectory_record
844,27168541,True,True,0.0,-0.20813969667013293,-0.6800773234295054,-0.12907080729597148,
845,27185237,False,False,,,,,missing_trajectory_record
846,27201933,False,False,,,,,missing_trajectory_record
847,27218629,False,False,,,,,missing_trajectory_record
848,27252021,True,True,0.0,-0.17852843249610345,-0.675997087141087,-0.11585245416952764,
