frame_id,color_index,depth_index,color_device_timestamp_us,depth_device_timestamp_us,sync_delta_us,color_system_timestamp_us,depth_system_timestamp_us,host_timestamp_ns,color_exposure,depth_exposure,color_gain,depth_gain,color_auto_white_balance,color_white_balance,color_frame_number,depth_frame_number,color_sensor_timestamp_raw,depth_sensor_timestamp_raw,depth_scale_mm_per_unit,color_path,aligned_depth_path,raw_depth_path,queue_depth
0,2,3,35052637,35052525,112,1785412697345293,1785412697347021,1785412697379844600,8,800,16,16,0,4600,3,4,35052237,35052125,0.10000000149011612,color/00000000.jpg,depth_aligned/00000000.png,,0
1,3,4,35256952,35256840,112,1785412697549795,1785412697551164,1785412697576205400,8,800,16,16,0,4600,4,5,35256552,35256440,0.10000000149011612,color/00000001.jpg,depth_aligned/00000001.png,,0
2,4,5,35476112,35476001,111,1785412697768341,1785412697770299,1785412697790870300,8,800,16,16,0,4600,5,6,35475712,35475601,0.10000000149011612,color/00000002.jpg,depth_aligned/00000002.png,,0
3,5,6,35630750,35630639,111,1785412697922677,1785412697925156,1785412697936824900,8,800,16,16,0,4600,6,7,35630350,35630239,0.10000000149011612,color/00000003.jpg,depth_aligned/00000003.png,,0
4,6,7,35818976,35818864,112,1785412698111006,1785412698113494,1785412698128008500,8,800,16,16,0,4600,7,8,35818576,35818464,0.10000000149011612,color/00000004.jpg,depth_aligned/00000004.png,,0
5,7,8,35976162,35976051,111,1785412698268382,1785412698270564,1785412698280188000,8,800,16,16,0,4600,8,9,35975762,35975651,0.10000000149011612,color/00000005.jpg,depth_aligned/00000005.png,,0
6,8,9,36134566,36134455,111,1785412698426994,1785412698429074,1785412698446341700,8,800,16,16,0,4600,9,10,36134166,36134055,0.10000000149011612,color/00000006.jpg,depth_aligned/00000006.png,,0
7,9,10,36288498,36288386,112,1785412698580516,1785412698582675,1785412698598295100,8,800,16,16,0,4600,10,11,36288098,36287986,0.10000000149011612,color/00000007.jpg,depth_aligned/00000007.png,,0
8,10,11,36444423,36444311,112,1785412698736918,1785412698738710,1785412698752286300,8,800,16,16,0,4600,11,12,36444023,36443911,0.10000000149011612,color/00000008.jpg,depth_aligned/00000008.png,,0
9,11,12,36600358,36600246,112,1785412698892753,1785412698894621,1785412698906080500,8,800,16,16,0,4600,12,13,36599958,36599846,0.10000000149011612,color/00000009.jpg,depth_aligned/00000009.png,,0
10,12,13,36770431,36770320,111,1785412699063322,1785412699064722,1785412699081728300,8,800,16,16,0,4600,13,14,36770031,36769920,0.10000000149011612,color/00000010.jpg,depth_aligned/00000010.png,,0
11,13,14,36928802,36928690,112,1785412699221592,1785412699223024,1785412699246992800,8,800,16,16,0,4600,14,15,36928402,36928290,0.10000000149011612,color/00000011.jpg,depth_aligned/00000011.png,,0
12,14,15,37149730,37149619,111,1785412699442341,1785412699444237,1785412699467634500,8,800,16,16,0,4600,15,16,37149330,37149219,0.10000000149011612,color/00000012.jpg,depth_aligned/00000012.png,,0
13,15,16,37353998,37353886,112,1785412699646289,1785412699648178,1785412699669662000,8,800,16,16,0,4600,16,17,37353598,37353486,0.10000000149011612,color/00000013.jpg,depth_aligned/00000013.png,,0
14,16,17,37543388,37543276,112,1785412699835899,1785412699837929,1785412699856493000,8,800,16,16,0,4600,17,18,37542988,37542876,0.10000000149011612,color/00000014.jpg,depth_aligned/00000014.png,,0
15,17,18,37698051,37697939,112,1785412699990820,1785412699992102,1785412700013277300,8,800,16,16,0,4600,18,19,37697651,37697539,0.10000000149011612,color/00000015.jpg,depth_aligned/00000015.png,,0
16,18,19,37882395,37882284,111,1785412700173902,1785412700176607,1785412700186567900,8,800,16,16,0,4600,19,20,37881995,37881884,0.10000000149011612,color/00000016.jpg,depth_aligned/00000016.png,,0
17,19,20,38023475,38023364,111,1785412700315683,1785412700317979,1785412700328391900,8,800,16,16,0,4600,20,21,38023075,38022964,0.10000000149011612,color/00000017.jpg,depth_aligned/00000017.png,,0
18,20,21,38177079,38176967,112,1785412700468921,1785412700471555,1785412700482848000,8,800,16,16,0,4600,21,22,38176679,38176567,0.10000000149011612,color/00000018.jpg,depth_aligned/00000018.png,,0
19,21,22,38315574,38315462,112,1785412700608236,1785412700610549,1785412700620314100,8,800,16,16,0,4600,22,23,38315174,38315062,0.10000000149011612,color/00000019.jpg,depth_aligned/00000019.png,,0
20,22,23,38472757,38472646,111,1785412700765275,1785412700767102,1785412700789010800,8,800,16,16,0,4600,23,24,38472357,38472246,0.10000000149011612,color/00000020.jpg,depth_aligned/00000020.png,,0
21,23,24,38626477,38626366,111,1785412700918922,1785412700920975,1785412700942903500,8,800,16,16,0,4600,24,25,38626077,38625966,0.10000000149011612,color/00000021.jpg,depth_aligned/00000021.png,,0
22,24,25,38813834,38813722,112,1785412701106538,1785412701108269,1785412701129914200,8,800,16,16,0,4600,25,26,38813434,38813322,0.10000000149011612,color/00000022.jpg,depth_aligned/00000022.png,,0
23,25,26,39005521,39005409,112,1785412701298040,1785412701299874,1785412701315581400,8,800,16,16,0,4600,26,27,39005121,39005009,0.10000000149011612,color/00000023.jpg,depth_aligned/00000023.png,,0
24,26,27,39179314,39179202,112,1785412701471799,1785412701473431,1785412701491291700,8,800,16,16,0,4600,27,28,39178914,39178802,0.10000000149011612,color/00000024.jpg,depth_aligned/00000024.png,,0
25,27,28,39351761,39351649,112,1785412701644500,1785412701646121,1785412701669053100,8,800,16,16,0,4600,28,29,39351361,39351249,0.10000000149011612,color/00000025.jpg,depth_aligned/00000025.png,,0
26,28,29,39539090,39538979,111,1785412701831198,1785412701833255,1785412701848366100,8,800,16,16,0,4600,29,30,39538690,39538579,0.10000000149011612,color/00000026.jpg,depth_aligned/00000026.png,,0
27,29,30,39690064,39689952,112,1785412701981990,1785412701984439,1785412701998578300,8,800,16,16,0,4600,30,31,39689664,39689552,0.10000000149011612,color/00000027.jpg,depth_aligned/00000027.png,,0
28,30,31,39832037,39831925,112,1785412702123637,1785412702126109,1785412702139192300,8,800,16,16,0,4600,31,32,39831637,39831525,0.10000000149011612,color/00000028.jpg,depth_aligned/00000028.png,,0
29,31,32,39992102,39991991,111,1785412702284294,1785412702286180,1785412702300769300,8,800,16,16,0,4600,32,33,39991702,39991591,0.10000000149011612,color/00000029.jpg,depth_aligned/00000029.png,,0
30,32,33,40147611,40147500,111,1785412702439463,1785412702441729,1785412702463236600,8,800,16,16,0,4600,33,34,40147211,40147100,0.10000000149011612,color/00000030.jpg,depth_aligned/00000030.png,,0
31,33,34,40315175,40315064,111,1785412702606395,1785412702609628,1785412702622104100,8,800,16,16,0,4600,34,35,40314775,40314664,0.10000000149011612,color/00000031.jpg,depth_aligned/00000031.png,,0
32,34,35,40488345,40488234,111,1785412702780581,1785412702782440,1785412702797806700,8,800,16,16,0,4600,35,36,40487945,40487834,0.10000000149011612,color/00000032.jpg,depth_aligned/00000032.png,,0
33,35,36,40644778,40644666,112,1785412702936210,1785412702939085,1785412702949347100,8,800,16,16,0,4600,36,37,40644378,40644266,0.10000000149011612,color/00000033.jpg,depth_aligned/00000033.png,,0
34,36,37,40798230,40798118,112,1785412703089581,1785412703092316,1785412703104369600,8,800,16,16,0,4600,37,38,40797830,40797718,0.10000000149011612,color/00000034.jpg,depth_aligned/00000034.png,,0
35,37,38,40944152,40944040,112,1785412703236699,1785412703238589,1785412703260518100,8,800,16,16,0,4600,38,39,40943752,40943640,0.10000000149011612,color/00000035.jpg,depth_aligned/00000035.png,,0
36,38,39,41100816,41100705,111,1785412703393406,1785412703394965,1785412703413412700,8,800,16,16,0,4600,39,40,41100416,41100305,0.10000000149011612,color/00000036.jpg,depth_aligned/00000036.png,,0
37,39,40,41274499,41274388,111,1785412703565765,1785412703568671,1785412703578238600,8,800,16,16,0,4600,40,41,41274099,41273988,0.10000000149011612,color/00000037.jpg,depth_aligned/00000037.png,,0
38,40,41,41431223,41431112,111,1785412703723990,1785412703725368,1785412703745921100,8,800,16,16,0,4600,41,42,41430823,41430712,0.10000000149011612,color/00000038.jpg,depth_aligned/00000038.png,,0
39,41,42,41602421,41602310,111,1785412703894941,1785412703897010,1785412703915064000,8,800,16,16,0,4600,42,43,41602021,41601910,0.10000000149011612,color/00000039.jpg,depth_aligned/00000039.png,,0
40,42,43,41756317,41756205,112,1785412704048157,1785412704050417,1785412704063349900,8,800,16,16,0,4600,43,44,41755917,41755805,0.10000000149011612,color/00000040.jpg,depth_aligned/00000040.png,,0
41,43,44,41900693,41900581,112,1785412704193474,1785412704194839,1785412704216970100,8,800,16,16,0,4600,44,45,41900293,41900181,0.10000000149011612,color/00000041.jpg,depth_aligned/00000041.png,,0
42,44,45,42057217,42057105,112,1785412704349453,1785412704351490,1785412704373197800,8,800,16,16,0,4600,45,46,42056817,42056705,0.10000000149011612,color/00000042.jpg,depth_aligned/00000042.png,,0
43,45,46,42217194,42217082,112,1785412704509108,1785412704511414,1785412704527720000,8,800,16,16,0,4600,46,47,42216794,42216682,0.10000000149011612,color/00000043.jpg,depth_aligned/00000043.png,,0
44,46,47,42372138,42372026,112,1785412704663751,1785412704666653,1785412704682326200,8,800,16,16,0,4600,47,48,42371738,42371626,0.10000000149011612,color/00000044.jpg,depth_aligned/00000044.png,,0
45,47,48,42523241,42523130,111,1785412704814950,1785412704817347,1785412704834174000,8,800,16,16,0,4600,48,49,42522841,42522730,0.10000000149011612,color/00000045.jpg,depth_aligned/00000045.png,,0
46,48,49,42702357,42702246,111,1785412704994601,1785412704996644,1785412705006254500,8,800,16,16,0,4600,49,50,42701957,42701846,0.10000000149011612,color/00000046.jpg,depth_aligned/00000046.png,,0
47,49,50,42855243,42855131,112,1785412705147390,1785412705149402,1785412705171036400,8,800,16,16,0,4600,50,51,42854843,42854731,0.10000000149011612,color/00000047.jpg,depth_aligned/00000047.png,,0
48,50,51,43040041,43039930,111,1785412705331900,1785412705334360,1785412705345068800,8,800,16,16,0,4600,51,52,43039641,43039530,0.10000000149011612,color/00000048.jpg,depth_aligned/00000048.png,,0
49,51,52,43199280,43199169,111,1785412705491042,1785412705493679,1785412705508108600,8,800,16,16,0,4600,52,53,43198880,43198769,0.10000000149011612,color/00000049.jpg,depth_aligned/00000049.png,,0
50,52,53,43356044,43355933,111,1785412705648092,1785412705649965,1785412705663595300,8,800,16,16,0,4600,53,54,43355644,43355533,0.10000000149011612,color/00000050.jpg,depth_aligned/00000050.png,,0
51,53,54,43493967,43493856,111,1785412705786531,1785412705788018,1785412705803430200,8,800,16,16,0,4600,54,55,43493567,43493456,0.10000000149011612,color/00000051.jpg,depth_aligned/00000051.png,,0
52,54,55,43649717,43649605,112,1785412705942150,1785412705943942,1785412705955228800,8,800,16,16,0,4600,55,56,43649317,43649205,0.10000000149011612,color/00000052.jpg,depth_aligned/00000052.png,,0
53,55,56,43822779,43822667,112,1785412706115427,1785412706116997,1785412706145021800,8,800,16,16,0,4600,56,57,43822379,43822267,0.10000000149011612,color/00000053.jpg,depth_aligned/00000053.png,,0
54,56,57,44010756,44010644,112,1785412706303524,1785412706304792,1785412706329439700,8,800,16,16,0,4600,57,58,44010356,44010244,0.10000000149011612,color/00000054.jpg,depth_aligned/00000054.png,,0
55,57,58,44179846,44179735,111,1785412706471501,1785412706474348,1785412706486785500,8,800,16,16,0,4600,58,59,44179446,44179335,0.10000000149011612,color/00000055.jpg,depth_aligned/00000055.png,,0
56,58,59,44353677,44353566,111,1785412706645409,1785412706647827,1785412706664188600,8,800,16,16,0,4600,59,60,44353277,44353166,0.10000000149011612,color/00000056.jpg,depth_aligned/00000056.png,,0
57,59,60,44497763,44497652,111,1785412706790125,1785412706791977,1785412706810893000,8,800,16,16,0,4600,60,61,44497363,44497252,0.10000000149011612,color/00000057.jpg,depth_aligned/00000057.png,,0
58,60,61,44654702,44654591,111,1785412706947327,1785412706949148,1785412706969446400,8,800,16,16,0,4600,61,62,44654302,44654191,0.10000000149011612,color/00000058.jpg,depth_aligned/00000058.png,,0
59,61,62,44844020,44843909,111,1785412707135349,1785412707138004,1785412707162651700,8,800,16,16,0,4600,62,63,44843620,44843509,0.10000000149011612,color/00000059.jpg,depth_aligned/00000059.png,,0
60,62,63,45032633,45032521,112,1785412707324276,1785412707326538,1785412707339551600,8,800,16,16,0,4600,63,64,45032233,45032121,0.10000000149011612,color/00000060.jpg,depth_aligned/00000060.png,,0
61,63,64,45168431,45168320,111,1785412707459683,1785412707462294,1785412707475337000,8,800,16,16,0,4600,64,65,45168031,45167920,0.10000000149011612,color/00000061.jpg,depth_aligned/00000061.png,,0
62,64,65,45311644,45311532,112,1785412707602995,1785412707605535,1785412707616544100,8,800,16,16,0,4600,65,66,45311244,45311132,0.10000000149011612,color/00000062.jpg,depth_aligned/00000062.png,,0
63,65,66,45455618,45455506,112,1785412707747473,1785412707749766,1785412707769967900,8,800,16,16,0,4600,66,67,45455218,45455106,0.10000000149011612,color/00000063.jpg,depth_aligned/00000063.png,,0
64,66,67,45611855,45611744,111,1785412707903657,1785412707905972,1785412707923957000,8,800,16,16,0,4600,67,68,45611455,45611344,0.10000000149011612,color/00000064.jpg,depth_aligned/00000064.png,,0
65,67,68,45764663,45764552,111,1785412708056302,1785412708058570,1785412708072833500,8,800,16,16,0,4600,68,69,45764263,45764152,0.10000000149011612,color/00000065.jpg,depth_aligned/00000065.png,,0
66,68,69,45907816,45907704,112,1785412708199454,1785412708201878,1785412708219417900,8,800,16,16,0,4600,69,70,45907416,45907304,0.10000000149011612,color/00000066.jpg,depth_aligned/00000066.png,,0
67,69,70,46062920,46062808,112,1785412708354816,1785412708357131,1785412708366944600,8,800,16,16,0,4600,70,71,46062520,46062408,0.10000000149011612,color/00000067.jpg,depth_aligned/00000067.png,,0
68,70,71,46221477,46221366,111,1785412708512981,1785412708515492,1785412708527520400,8,800,16,16,0,4600,71,72,46221077,46220966,0.10000000149011612,color/00000068.jpg,depth_aligned/00000068.png,,0
69,71,72,46378560,46378449,111,1785412708671065,1785412708672672,1785412708698394900,8,800,16,16,0,4600,72,73,46378160,46378049,0.10000000149011612,color/00000069.jpg,depth_aligned/00000069.png,,0
70,72,73,46568148,46568036,112,1785412708860444,1785412708862173,1785412708880291600,8,800,16,16,0,4600,73,74,46567748,46567636,0.10000000149011612,color/00000070.jpg,depth_aligned/00000070.png,,0
71,73,74,46739358,46739246,112,1785412709031832,1785412709033596,1785412709057799600,8,800,16,16,0,4600,74,75,46738958,46738846,0.10000000149011612,color/00000071.jpg,depth_aligned/00000071.png,,0
72,74,75,46914971,46914860,111,1785412709207427,1785412709209197,1785412709227924300,8,800,16,16,0,4600,75,76,46914571,46914460,0.10000000149011612,color/00000072.jpg,depth_aligned/00000072.png,,0
73,75,76,47087560,47087448,112,1785412709378854,1785412709381277,1785412709396773300,8,800,16,16,0,4600,76,77,47087160,47087048,0.10000000149011612,color/00000073.jpg,depth_aligned/00000073.png,,0
74,76,77,47259340,47259229,111,1785412709551744,1785412709553529,1785412709578906200,8,800,16,16,0,4600,77,78,47258940,47258829,0.10000000149011612,color/00000074.jpg,depth_aligned/00000074.png,,0
75,77,78,47430172,47430061,111,1785412709721365,1785412709724404,1785412709739176600,8,800,16,16,0,4600,78,79,47429772,47429661,0.10000000149011612,color/00000075.jpg,depth_aligned/00000075.png,,0
76,78,79,47582602,47582491,111,1785412709873947,1785412709876671,1785412709886240900,8,800,16,16,0,4600,79,80,47582202,47582091,0.10000000149011612,color/00000076.jpg,depth_aligned/00000076.png,,0
77,79,80,47728100,47727989,111,1785412710019626,1785412710022279,1785412710034241000,8,800,16,16,0,4600,80,81,47727700,47727589,0.10000000149011612,color/00000077.jpg,depth_aligned/00000077.png,,0
78,80,81,47886750,47886638,112,1785412710179080,1785412710180936,1785412710202190300,8,800,16,16,0,4600,81,82,47886350,47886238,0.10000000149011612,color/00000078.jpg,depth_aligned/00000078.png,,0
79,81,82,48056513,48056402,111,1785412710348300,1785412710350434,1785412710362964300,8,800,16,16,0,4600,82,83,48056113,48056002,0.10000000149011612,color/00000079.jpg,depth_aligned/00000079.png,,0
80,82,83,48218779,48218667,112,1785412710510084,1785412710512718,1785412710523036100,8,800,16,16,0,4600,83,84,48218379,48218267,0.10000000149011612,color/00000080.jpg,depth_aligned/00000080.png,,0
81,83,84,48367624,48367513,111,1785412710659883,1785412710661812,1785412710678999400,8,800,16,16,0,4600,84,85,48367224,48367113,0.10000000149011612,color/00000081.jpg,depth_aligned/00000081.png,,0
82,84,85,48526822,48526710,112,1785412710819438,1785412710820954,1785412710846253200,8,800,16,16,0,4600,85,86,48526422,48526310,0.10000000149011612,color/00000082.jpg,depth_aligned/00000082.png,,0
83,85,86,48698267,48698155,112,1785412710990568,1785412710992045,1785412711014299400,8,800,16,16,0,4600,86,87,48697867,48697755,0.10000000149011612,color/00000083.jpg,depth_aligned/00000083.png,,0
84,86,87,48903894,48903783,111,1785412711196009,1785412711197743,1785412711215872000,8,800,16,16,0,4600,87,88,48903494,48903383,0.10000000149011612,color/00000084.jpg,depth_aligned/00000084.png,,0
85,87,88,49056581,49056470,111,1785412711348155,1785412711350991,1785412711364025500,8,800,16,16,0,4600,88,89,49056181,49056070,0.10000000149011612,color/00000085.jpg,depth_aligned/00000085.png,,0
86,88,89,49195188,49195076,112,1785412711486326,1785412711488974,1785412711499691600,8,800,16,16,0,4600,89,90,49194788,49194676,0.10000000149011612,color/00000086.jpg,depth_aligned/00000086.png,,0
87,89,90,49339865,49339754,111,1785412711631435,1785412711633956,1785412711659614800,8,800,16,16,0,4600,90,91,49339465,49339354,0.10000000149011612,color/00000087.jpg,depth_aligned/00000087.png,,0
88,90,91,49528039,49527928,111,1785412711820256,1785412711822137,1785412711847455200,8,800,16,16,0,4600,91,92,49527639,49527528,0.10000000149011612,color/00000088.jpg,depth_aligned/00000088.png,,0
89,91,92,49717158,49717046,112,1785412712009691,1785412712011370,1785412712037092000,8,800,16,16,0,4600,92,93,49716758,49716646,0.10000000149011612,color/00000089.jpg,depth_aligned/00000089.png,,0
90,92,93,49918605,49918493,112,1785412712213955,1785412712213058,1785412712240176800,8,800,16,16,0,4600,93,94,49918205,49918093,0.10000000149011612,color/00000090.jpg,depth_aligned/00000090.png,,0
91,93,94,50087097,50086985,112,1785412712378405,1785412712381099,1785412712394024500,8,800,16,16,0,4600,94,95,50086697,50086585,0.10000000149011612,color/00000091.jpg,depth_aligned/00000091.png,,0
92,94,95,50259145,50259033,112,1785412712551887,1785412712553107,1785412712571075100,8,800,16,16,0,4600,95,96,50258745,50258633,0.10000000149011612,color/00000092.jpg,depth_aligned/00000092.png,,0
93,95,96,50412932,50412820,112,1785412712705610,1785412712706743,1785412712720308800,8,800,16,16,0,4600,96,97,50412532,50412420,0.10000000149011612,color/00000093.jpg,depth_aligned/00000093.png,,0
94,96,97,50567686,50567575,111,1785412712859886,1785412712861764,1785412712879356200,8,800,16,16,0,4600,97,98,50567286,50567175,0.10000000149011612,color/00000094.jpg,depth_aligned/00000094.png,,0
95,97,98,50747128,50747017,111,1785412713038253,1785412713041099,1785412713051707900,8,800,16,16,0,4600,98,99,50746728,50746617,0.10000000149011612,color/00000095.jpg,depth_aligned/00000095.png,,0
96,98,99,50880389,50880278,111,1785412713171806,1785412713174188,1785412713186132800,8,800,16,16,0,4600,99,100,50879989,50879878,0.10000000149011612,color/00000096.jpg,depth_aligned/00000096.png,,0
97,99,100,51035750,51035639,111,1785412713327245,1785412713329662,1785412713339865600,8,800,16,16,0,4600,100,101,51035350,51035239,0.10000000149011612,color/00000097.jpg,depth_aligned/00000097.png,,0
98,100,101,51192180,51192069,111,1785412713483992,1785412713486258,1785412713501432600,8,800,16,16,0,4600,101,102,51191780,51191669,0.10000000149011612,color/00000098.jpg,depth_aligned/00000098.png,,0
99,101,102,51350126,51350015,111,1785412713641660,1785412713644189,1785412713658705900,8,800,16,16,0,4600,102,103,51349726,51349615,0.10000000149011612,color/00000099.jpg,depth_aligned/00000099.png,,0
100,102,103,51505280,51505168,112,1785412713797872,1785412713799517,1785412713822264600,8,800,16,16,0,4600,103,104,51504880,51504768,0.10000000149011612,color/00000100.jpg,depth_aligned/00000100.png,,0
101,103,104,51679514,51679402,112,1785412713971521,1785412713973252,1785412713985629900,8,800,16,16,0,4600,104,105,51679114,51679002,0.10000000149011612,color/00000101.jpg,depth_aligned/00000101.png,,0
102,104,105,51821736,51821625,111,1785412714114011,1785412714116140,1785412714139866600,8,800,16,16,0,4600,105,106,51821336,51821225,0.10000000149011612,color/00000102.jpg,depth_aligned/00000102.png,,0
103,105,106,51992441,51992330,111,1785412714284701,1785412714286684,1785412714299789000,8,800,16,16,0,4600,106,107,51992041,51991930,0.10000000149011612,color/00000103.jpg,depth_aligned/00000103.png,,0
104,106,107,52148243,52148132,111,1785412714439447,1785412714441959,1785412714457481200,8,800,16,16,0,4600,107,108,52147843,52147732,0.10000000149011612,color/00000104.jpg,depth_aligned/00000104.png,,0
105,107,108,52304784,52304672,112,1785412714596903,1785412714598610,1785412714619859800,8,800,16,16,0,4600,108,109,52304384,52304272,0.10000000149011612,color/00000105.jpg,depth_aligned/00000105.png,,0
106,108,109,52456184,52456073,111,1785412714747521,1785412714750350,1785412714768783200,8,800,16,16,0,4600,109,110,52455784,52455673,0.10000000149011612,color/00000106.jpg,depth_aligned/00000106.png,,0
107,109,110,52611549,52611438,111,1785412714903099,1785412714905403,1785412714919422900,8,800,16,16,0,4600,110,111,52611149,52611038,0.10000000149011612,color/00000107.jpg,depth_aligned/00000107.png,,0
108,110,111,52755358,52755247,111,1785412715046639,1785412715049231,1785412715064088700,8,800,16,16,0,4600,111,112,52754958,52754847,0.10000000149011612,color/00000108.jpg,depth_aligned/00000108.png,,0
109,111,112,52912642,52912530,112,1785412715203527,1785412715206587,1785412715217019900,8,800,16,16,0,4600,112,113,52912242,52912130,0.10000000149011612,color/00000109.jpg,depth_aligned/00000109.png,,0
110,112,113,53047097,53046985,112,1785412715338488,1785412715340802,1785412715352077200,8,800,16,16,0,4600,113,114,53046697,53046585,0.10000000149011612,color/00000110.jpg,depth_aligned/00000110.png,,0
111,113,114,53188179,53188068,111,1785412715480291,1785412715482262,1785412715499213300,8,800,16,16,0,4600,114,115,53187779,53187668,0.10000000149011612,color/00000111.jpg,depth_aligned/00000111.png,,0
112,114,115,53344939,53344828,111,1785412715635819,1785412715638690,1785412715648812200,8,800,16,16,0,4600,115,116,53344539,53344428,0.10000000149011612,color/00000112.jpg,depth_aligned/00000112.png,,0
113,115,116,53485663,53485552,111,1785412715777821,1785412715779999,1785412715796488600,8,800,16,16,0,4600,116,117,53485263,53485152,0.10000000149011612,color/00000113.jpg,depth_aligned/00000113.png,,0
114,116,117,53642665,53642554,111,1785412715934309,1785412715936667,1785412715950056400,8,800,16,16,0,4600,117,118,53642265,53642154,0.10000000149011612,color/00000114.jpg,depth_aligned/00000114.png,,0
115,117,118,53796008,53795896,112,1785412716087323,1785412716090006,1785412716099969000,8,800,16,16,0,4600,118,119,53795608,53795496,0.10000000149011612,color/00000115.jpg,depth_aligned/00000115.png,,0
116,118,119,53955671,53955559,112,1785412716248139,1785412716249605,1785412716276123100,8,800,16,16,0,4600,119,120,53955271,53955159,0.10000000149011612,color/00000116.jpg,depth_aligned/00000116.png,,0
117,119,120,54146166,54146055,111,1785412716438628,1785412716440080,1785412716461353500,8,800,16,16,0,4600,120,121,54145766,54145655,0.10000000149011612,color/00000117.jpg,depth_aligned/00000117.png,,0
118,120,121,54320338,54320227,111,1785412716612621,1785412716614238,1785412716634820400,8,800,16,16,0,4600,121,122,54319938,54319827,0.10000000149011612,color/00000118.jpg,depth_aligned/00000118.png,,0
119,121,122,54507345,54507233,112,1785412716799302,1785412716801333,1785412716816422200,8,800,16,16,0,4600,122,123,54506945,54506833,0.10000000149011612,color/00000119.jpg,depth_aligned/00000119.png,,0
120,122,123,54667780,54667669,111,1785412716959778,1785412716961751,1785412716971661100,8,800,16,16,0,4600,123,124,54667380,54667269,0.10000000149011612,color/00000120.jpg,depth_aligned/00000120.png,,0
121,123,124,54833110,54832998,112,1785412717125784,1785412717127235,1785412717151713700,8,800,16,16,0,4600,124,125,54832710,54832598,0.10000000149011612,color/00000121.jpg,depth_aligned/00000121.png,,0
122,124,125,55004918,55004806,112,1785412717296520,1785412717298641,1785412717313013000,8,800,16,16,0,4600,125,126,55004518,55004406,0.10000000149011612,color/00000122.jpg,depth_aligned/00000122.png,,0
123,125,126,55141286,55141175,111,1785412717433139,1785412717435385,1785412717450526000,8,800,16,16,0,4600,126,127,55140886,55140775,0.10000000149011612,color/00000123.jpg,depth_aligned/00000123.png,,0
124,126,127,55299820,55299708,112,1785412717591165,1785412717593715,1785412717605038600,8,800,16,16,0,4600,127,128,55299420,55299308,0.10000000149011612,color/00000124.jpg,depth_aligned/00000124.png,,0
125,127,128,55440841,55440729,112,1785412717732115,1785412717734626,1785412717756446100,8,800,16,16,0,4600,128,129,55440441,55440329,0.10000000149011612,color/00000125.jpg,depth_aligned/00000125.png,,0
126,128,129,55597516,55597405,111,1785412717890219,1785412717891612,1785412717911176600,8,800,16,16,0,4600,129,130,55597116,55597005,0.10000000149011612,color/00000126.jpg,depth_aligned/00000126.png,,0
127,129,130,55754833,55754722,111,1785412718046533,1785412718048541,1785412718060285700,8,800,16,16,0,4600,130,131,55754433,55754322,0.10000000149011612,color/00000127.jpg,depth_aligned/00000127.png,,0
128,130,131,55892302,55892191,111,1785412718183859,1785412718185956,1785412718200969700,8,800,16,16,0,4600,131,132,55891902,55891791,0.10000000149011612,color/00000128.jpg,depth_aligned/00000128.png,,0
129,131,132,56050196,56050084,112,1785412718341886,1785412718343874,1785412718354738100,8,800,16,16,0,4600,132,133,56049796,56049684,0.10000000149011612,color/00000129.jpg,depth_aligned/00000129.png,,0
130,132,133,56205222,56205111,111,1785412718497873,1785412718499184,1785412718520326800,8,800,16,16,0,4600,133,134,56204822,56204711,0.10000000149011612,color/00000130.jpg,depth_aligned/00000130.png,,0
131,133,134,56364325,56364214,111,1785412718656571,1785412718658173,1785412718679076000,8,800,16,16,0,4600,134,135,56363925,56363814,0.10000000149011612,color/00000131.jpg,depth_aligned/00000131.png,,0
132,134,135,56520991,56520879,112,1785412718813693,1785412718814954,1785412718843979600,8,800,16,16,0,4600,135,136,56520591,56520479,0.10000000149011612,color/00000132.jpg,depth_aligned/00000132.png,,0
133,135,136,56708552,56708440,112,1785412719001025,1785412719002507,1785412719027500400,8,800,16,16,0,4600,136,137,56708152,56708040,0.10000000149011612,color/00000133.jpg,depth_aligned/00000133.png,,0
134,136,137,56896045,56895934,111,1785412719188244,1785412719189828,1785412719211920300,8,800,16,16,0,4600,137,138,56895645,56895534,0.10000000149011612,color/00000134.jpg,depth_aligned/00000134.png,,0
135,137,138,57070751,57070639,112,1785412719362944,1785412719364622,1785412719385587000,8,800,16,16,0,4600,138,139,57070351,57070239,0.10000000149011612,color/00000135.jpg,depth_aligned/00000135.png,,0
136,138,139,57225094,57224982,112,1785412719516428,1785412719519061,1785412719537688000,8,800,16,16,0,4600,139,140,57224694,57224582,0.10000000149011612,color/00000136.jpg,depth_aligned/00000136.png,,0
137,139,140,57396782,57396671,111,1785412719689109,1785412719690670,1785412719715878200,8,800,16,16,0,4600,140,141,57396382,57396271,0.10000000149011612,color/00000137.jpg,depth_aligned/00000137.png,,0
138,140,141,57583152,57583041,111,1785412719874540,1785412719877007,1785412719889694100,8,800,16,16,0,4600,141,142,57582752,57582641,0.10000000149011612,color/00000138.jpg,depth_aligned/00000138.png,,0
139,141,142,57743901,57743790,111,1785412720035714,1785412720037848,1785412720057180600,8,800,16,16,0,4600,142,143,57743501,57743390,0.10000000149011612,color/00000139.jpg,depth_aligned/00000139.png,,0
140,142,143,57896165,57896054,111,1785412720187925,1785412720189897,1785412720203031600,8,800,16,16,0,4600,143,144,57895765,57895654,0.10000000149011612,color/00000140.jpg,depth_aligned/00000140.png,,0
141,143,144,58036978,58036867,111,1785412720328423,1785412720330831,1785412720349030700,8,800,16,16,0,4600,144,145,58036578,58036467,0.10000000149011612,color/00000141.jpg,depth_aligned/00000141.png,,0
142,144,145,58194318,58194207,111,1785412720486494,1785412720488297,1785412720512390000,8,800,16,16,0,4600,145,146,58193918,58193807,0.10000000149011612,color/00000142.jpg,depth_aligned/00000142.png,,0
143,145,146,58382499,58382387,112,1785412720675182,1785412720676434,1785412720700115500,8,800,16,16,0,4600,146,147,58382099,58381987,0.10000000149011612,color/00000143.jpg,depth_aligned/00000143.png,,0
144,146,147,58571396,58571284,112,1785412720863611,1785412720865364,1785412720892010000,8,800,16,16,0,4600,147,148,58570996,58570884,0.10000000149011612,color/00000144.jpg,depth_aligned/00000144.png,,0
145,147,148,58773768,58773656,112,1785412721065345,1785412721067578,1785412721081619600,8,800,16,16,0,4600,148,149,58773368,58773256,0.10000000149011612,color/00000145.jpg,depth_aligned/00000145.png,,0
146,148,149,58942606,58942495,111,1785412721234813,1785412721236559,1785412721254311300,8,800,16,16,0,4600,149,150,58942206,58942095,0.10000000149011612,color/00000146.jpg,depth_aligned/00000146.png,,0
147,149,150,59098769,59098658,111,1785412721391294,1785412721392855,1785412721417063700,8,800,16,16,0,4600,150,151,59098369,59098258,0.10000000149011612,color/00000147.jpg,depth_aligned/00000147.png,,0
148,150,151,59287962,59287851,111,1785412721579346,1785412721582065,1785412721599029500,8,800,16,16,0,4600,151,152,59287562,59287451,0.10000000149011612,color/00000148.jpg,depth_aligned/00000148.png,,0
149,151,152,59443535,59443424,111,1785412721735123,1785412721737641,1785412721757663900,8,800,16,16,0,4600,152,153,59443135,59443024,0.10000000149011612,color/00000149.jpg,depth_aligned/00000149.png,,0
150,152,153,59601334,59601223,111,1785412721893978,1785412721895493,1785412721922972600,8,800,16,16,0,4600,153,154,59600934,59600823,0.10000000149011612,color/00000150.jpg,depth_aligned/00000150.png,,0
151,153,154,59806238,59806127,111,1785412722098659,1785412722100276,1785412722129247700,8,800,16,16,0,4600,154,155,59805838,59805727,0.10000000149011612,color/00000151.jpg,depth_aligned/00000151.png,,0
152,154,155,60041106,60040995,111,1785412722333908,1785412722334814,1785412722351385000,8,800,16,16,0,4600,155,156,60040706,60040595,0.10000000149011612,color/00000152.jpg,depth_aligned/00000152.png,,0
153,155,156,60195801,60195690,111,1785412722487382,1785412722489702,1785412722507332100,8,800,16,16,0,4600,156,157,60195401,60195290,0.10000000149011612,color/00000153.jpg,depth_aligned/00000153.png,,0
154,156,157,60368299,60368187,112,1785412722660727,1785412722662123,1785412722679724300,8,800,16,16,0,4600,157,158,60367899,60367787,0.10000000149011612,color/00000154.jpg,depth_aligned/00000154.png,,0
155,157,158,60524473,60524361,112,1785412722815271,1785412722818010,1785412722837716600,8,800,16,16,0,4600,158,159,60524073,60523961,0.10000000149011612,color/00000155.jpg,depth_aligned/00000155.png,,0
156,158,159,60681126,60681014,112,1785412722973743,1785412722975062,1785412722997943100,8,800,16,16,0,4600,159,160,60680726,60680614,0.10000000149011612,color/00000156.jpg,depth_aligned/00000156.png,,0
157,159,160,60850460,60850348,112,1785412723142686,1785412723144499,1785412723160659700,8,800,16,16,0,4600,160,161,60850060,60849948,0.10000000149011612,color/00000157.jpg,depth_aligned/00000157.png,,0
158,160,161,61010812,61010700,112,1785412723303361,1785412723304820,1785412723327585900,8,800,16,16,0,4600,161,162,61010412,61010300,0.10000000149011612,color/00000158.jpg,depth_aligned/00000158.png,,0
159,161,162,61197894,61197783,111,1785412723490804,1785412723492178,1785412723512442300,8,800,16,16,0,4600,162,163,61197494,61197383,0.10000000149011612,color/00000159.jpg,depth_aligned/00000159.png,,0
160,162,163,61366244,61366132,112,1785412723658376,1785412723660021,1785412723683361200,8,800,16,16,0,4600,163,164,61365844,61365732,0.10000000149011612,color/00000160.jpg,depth_aligned/00000160.png,,0
161,163,164,61555952,61555841,111,1785412723848320,1785412723850073,1785412723875513600,8,800,16,16,0,4600,164,165,61555552,61555441,0.10000000149011612,color/00000161.jpg,depth_aligned/00000161.png,,0
162,164,165,61759041,61758930,111,1785412724050038,1785412724052877,1785412724067724700,8,800,16,16,0,4600,165,166,61758641,61758530,0.10000000149011612,color/00000162.jpg,depth_aligned/00000162.png,,0
163,165,166,61912344,61912232,112,1785412724204836,1785412724206224,1785412724227028400,8,800,16,16,0,4600,166,167,61911944,61911832,0.10000000149011612,color/00000163.jpg,depth_aligned/00000163.png,,0
164,166,167,62069763,62069652,111,1785412724361801,1785412724363552,1785412724380923900,8,800,16,16,0,4600,167,168,62069363,62069252,0.10000000149011612,color/00000164.jpg,depth_aligned/00000164.png,,0
165,167,168,62228320,62228208,112,1785412724520750,1785412724522110,1785412724541202400,8,800,16,16,0,4600,168,169,62227920,62227808,0.10000000149011612,color/00000165.jpg,depth_aligned/00000165.png,,0
166,168,169,62385345,62385234,111,1785412724677557,1785412724678940,1785412724698637200,8,800,16,16,0,4600,169,170,62384945,62384834,0.10000000149011612,color/00000166.jpg,depth_aligned/00000166.png,,0
167,169,170,62572993,62572882,111,1785412724865035,1785412724866678,1785412724891576200,8,800,16,16,0,4600,170,171,62572593,62572482,0.10000000149011612,color/00000167.jpg,depth_aligned/00000167.png,,0
168,170,171,62763668,62763556,112,1785412725055185,1785412725057329,1785412725080424800,8,800,16,16,0,4600,171,172,62763268,62763156,0.10000000149011612,color/00000168.jpg,depth_aligned/00000168.png,,0
169,171,172,62922814,62922703,111,1785412725215481,1785412725216679,1785412725237672000,8,800,16,16,0,4600,172,173,62922414,62922303,0.10000000149011612,color/00000169.jpg,depth_aligned/00000169.png,,0
170,172,173,63096467,63096355,112,1785412725388518,1785412725390312,1785412725409960600,8,800,16,16,0,4600,173,174,63096067,63095955,0.10000000149011612,color/00000170.jpg,depth_aligned/00000170.png,,0
171,173,174,63282644,63282532,112,1785412725574735,1785412725576781,1785412725600690200,8,800,16,16,0,4600,174,175,63282244,63282132,0.10000000149011612,color/00000171.jpg,depth_aligned/00000171.png,,0
172,174,175,63454734,63454623,111,1785412725746603,1785412725748454,1785412725768275600,8,800,16,16,0,4600,175,176,63454334,63454223,0.10000000149011612,color/00000172.jpg,depth_aligned/00000172.png,,0
173,175,176,63607571,63607460,111,1785412725899045,1785412725901595,1785412725913950100,8,800,16,16,0,4600,176,177,63607171,63607060,0.10000000149011612,color/00000173.jpg,depth_aligned/00000173.png,,0
174,176,177,63752633,63752521,112,1785412726044640,1785412726046381,1785412726066757500,8,800,16,16,0,4600,177,178,63752233,63752121,0.10000000149011612,color/00000174.jpg,depth_aligned/00000174.png,,0
175,177,178,63910878,63910766,112,1785412726202235,1785412726204275,1785412726217435800,8,800,16,16,0,4600,178,179,63910478,63910366,0.10000000149011612,color/00000175.jpg,depth_aligned/00000175.png,,0
176,178,179,64086528,64086416,112,1785412726378727,1785412726380418,1785412726407748200,8,800,16,16,0,4600,179,180,64086128,64086016,0.10000000149011612,color/00000176.jpg,depth_aligned/00000176.png,,0
177,179,180,64257622,64257510,112,1785412726548485,1785412726551323,1785412726573899900,8,800,16,16,0,4600,180,181,64257223,64257111,0.10000000149011612,color/00000177.jpg,depth_aligned/00000177.png,,0
178,180,181,64415728,64415616,112,1785412726706652,1785412726709386,1785412726725321400,8,800,16,16,0,4600,181,182,64415328,64415216,0.10000000149011612,color/00000178.jpg,depth_aligned/00000178.png,,0
179,181,182,64591825,64591713,112,1785412726883893,1785412726885578,1785412726912228300,8,800,16,16,0,4600,182,183,64591425,64591314,0.10000000149011612,color/00000179.jpg,depth_aligned/00000179.png,,0
180,182,183,64795761,64795649,112,1785412727088002,1785412727089607,1785412727115026200,8,800,16,16,0,4600,183,184,64795361,64795250,0.10000000149011612,color/00000180.jpg,depth_aligned/00000180.png,,0
181,183,184,64966531,64966420,111,1785412727258773,1785412727260310,1785412727286502600,8,800,16,16,0,4600,184,185,64966131,64966020,0.10000000149011612,color/00000181.jpg,depth_aligned/00000181.png,,0
182,184,185,65165325,65165214,111,1785412727456489,1785412727459345,1785412727474133400,8,800,16,16,0,4600,185,186,65164926,65164814,0.10000000149011612,color/00000182.jpg,depth_aligned/00000182.png,,0
183,185,186,65323702,65323592,110,1785412727615868,1785412727617382,1785412727641774700,8,800,16,16,0,4600,186,187,65323303,65323192,0.10000000149011612,color/00000183.jpg,depth_aligned/00000183.png,,0
184,186,187,65508357,65508246,111,1785412727799284,1785412727801964,1785412727812321200,8,800,16,16,0,4600,187,188,65507957,65507846,0.10000000149011612,color/00000184.jpg,depth_aligned/00000184.png,,0
185,187,188,65669847,65669736,111,1785412727961470,1785412727963591,1785412727978846900,8,800,16,16,0,4600,188,189,65669447,65669336,0.10000000149011612,color/00000185.jpg,depth_aligned/00000185.png,,0
186,188,189,65827985,65827875,110,1785412728120086,1785412728121714,1785412728142337100,8,800,16,16,0,4600,189,190,65827586,65827475,0.10000000149011612,color/00000186.jpg,depth_aligned/00000186.png,,0
187,189,190,65982977,65982865,112,1785412728275119,1785412728276795,1785412728301247100,8,800,16,16,0,4600,190,191,65982577,65982465,0.10000000149011612,color/00000187.jpg,depth_aligned/00000187.png,,0
188,190,191,66171852,66171740,112,1785412728463944,1785412728465507,1785412728488051400,8,800,16,16,0,4600,191,192,66171452,66171340,0.10000000149011612,color/00000188.jpg,depth_aligned/00000188.png,,0
189,191,192,66371995,66371885,110,1785412728662958,1785412728665603,1785412728684719700,8,800,16,16,0,4600,192,193,66371596,66371485,0.10000000149011612,color/00000189.jpg,depth_aligned/00000189.png,,0
190,192,193,66524039,66523927,112,1785412728815080,1785412728817541,1785412728835367700,8,800,16,16,0,4600,193,194,66523639,66523527,0.10000000149011612,color/00000190.jpg,depth_aligned/00000190.png,,0
191,193,194,66667592,66667480,112,1785412728959484,1785412728961467,1785412728975597200,8,800,16,16,0,4600,194,195,66667192,66667080,0.10000000149011612,color/00000191.jpg,depth_aligned/00000191.png,,0
192,194,195,66839760,66839648,112,1785412729131491,1785412729133456,1785412729152140600,8,800,16,16,0,4600,195,196,66839360,66839248,0.10000000149011612,color/00000192.jpg,depth_aligned/00000192.png,,0
193,195,196,67029328,67029216,112,1785412729321561,1785412729323138,1785412729346773200,8,800,16,16,0,4600,196,197,67028928,67028816,0.10000000149011612,color/00000193.jpg,depth_aligned/00000193.png,,0
194,196,197,67234044,67233933,111,1785412729526066,1785412729527708,1785412729551799600,8,800,16,16,0,4600,197,198,67233644,67233533,0.10000000149011612,color/00000194.jpg,depth_aligned/00000194.png,,0
195,197,198,67437218,67437107,111,1785412729728209,1785412729731028,1785412729754438000,8,800,16,16,0,4600,198,199,67436818,67436707,0.10000000149011612,color/00000195.jpg,depth_aligned/00000195.png,,0
196,198,199,67608539,67608427,112,1785412729900414,1785412729902298,1785412729927093700,8,800,16,16,0,4600,199,200,67608139,67608027,0.10000000149011612,color/00000196.jpg,depth_aligned/00000196.png,,0
197,199,200,67779558,67779447,111,1785412730071629,1785412730073565,1785412730091933000,8,800,16,16,0,4600,200,201,67779158,67779047,0.10000000149011612,color/00000197.jpg,depth_aligned/00000197.png,,0
198,200,201,67964609,67964498,111,1785412730256017,1785412730258300,1785412730281493200,8,800,16,16,0,4600,201,202,67964209,67964098,0.10000000149011612,color/00000198.jpg,depth_aligned/00000198.png,,0
199,201,202,68117077,68116966,111,1785412730408189,1785412730410975,1785412730423140600,8,800,16,16,0,4600,202,203,68116677,68116566,0.10000000149011612,color/00000199.jpg,depth_aligned/00000199.png,,0
200,202,203,68276532,68276421,111,1785412730567878,1785412730569985,1785412730592347300,8,800,16,16,0,4600,203,204,68276132,68276021,0.10000000149011612,color/00000200.jpg,depth_aligned/00000200.png,,0
201,203,204,68480035,68479924,111,1785412730771860,1785412730773740,1785412730797596500,8,800,16,16,0,4600,204,205,68479635,68479524,0.10000000149011612,color/00000201.jpg,depth_aligned/00000201.png,,0
202,204,205,68654191,68654079,112,1785412730946348,1785412730947846,1785412730974868200,8,800,16,16,0,4600,205,206,68653791,68653679,0.10000000149011612,color/00000202.jpg,depth_aligned/00000202.png,,0
203,205,206,68854763,68854651,112,1785412731146856,1785412731148430,1785412731164128700,8,800,16,16,0,4600,206,207,68854363,68854251,0.10000000149011612,color/00000203.jpg,depth_aligned/00000203.png,,0
204,206,207,69010681,69010569,112,1785412731302068,1785412731304399,1785412731319283000,8,800,16,16,0,4600,207,208,69010281,69010169,0.10000000149011612,color/00000204.jpg,depth_aligned/00000204.png,,0
205,207,208,69166508,69166397,111,1785412731458601,1785412731460321,1785412731481838300,8,800,16,16,0,4600,208,209,69166108,69165997,0.10000000149011612,color/00000205.jpg,depth_aligned/00000205.png,,0
206,208,209,69324585,69324473,112,1785412731615713,1785412731618319,1785412731629202500,8,800,16,16,0,4600,209,210,69324185,69324073,0.10000000149011612,color/00000206.jpg,depth_aligned/00000206.png,,0
207,209,210,69481011,69480899,112,1785412731773020,1785412731774499,1785412731796180600,8,800,16,16,0,4600,210,211,69480611,69480499,0.10000000149011612,color/00000207.jpg,depth_aligned/00000207.png,,0
208,210,211,69666689,69666578,111,1785412731958703,1785412731960418,1785412731985191500,8,800,16,16,0,4600,211,212,69666289,69666178,0.10000000149011612,color/00000208.jpg,depth_aligned/00000208.png,,0
209,211,212,69886059,69885948,111,1785412732178366,1785412732179803,1785412732206508500,8,800,16,16,0,4600,212,213,69885659,69885548,0.10000000149011612,color/00000209.jpg,depth_aligned/00000209.png,,0
210,212,213,70088266,70088154,112,1785412732380548,1785412732381960,1785412732403228300,8,800,16,16,0,4600,213,214,70087866,70087754,0.10000000149011612,color/00000210.jpg,depth_aligned/00000210.png,,0
211,213,214,70290207,70290095,112,1785412732583039,1785412732584167,1785412732603307600,8,800,16,16,0,4600,214,215,70289807,70289695,0.10000000149011612,color/00000211.jpg,depth_aligned/00000211.png,,0
212,214,215,70446139,70446028,111,1785412732737676,1785412732740281,1785412732757120800,8,800,16,16,0,4600,215,216,70445739,70445628,0.10000000149011612,color/00000212.jpg,depth_aligned/00000212.png,,0
213,215,216,70617646,70617535,111,1785412732908810,1785412732911375,1785412732934511100,8,800,16,16,0,4600,216,217,70617246,70617135,0.10000000149011612,color/00000213.jpg,depth_aligned/00000213.png,,0
214,216,217,70803798,70803687,111,1785412733095581,1785412733097330,1785412733114676600,8,800,16,16,0,4600,217,218,70803398,70803287,0.10000000149011612,color/00000214.jpg,depth_aligned/00000214.png,,0
215,217,218,70975080,70974968,112,1785412733267448,1785412733268624,1785412733292186200,8,800,16,16,0,4600,218,219,70974680,70974568,0.10000000149011612,color/00000215.jpg,depth_aligned/00000215.png,,0
216,218,219,71162662,71162551,111,1785412733454685,1785412733456145,1785412733480078700,8,800,16,16,0,4600,219,220,71162262,71162151,0.10000000149011612,color/00000216.jpg,depth_aligned/00000216.png,,0
217,219,220,71350653,71350541,112,1785412733642452,1785412733644273,1785412733665835700,8,800,16,16,0,4600,220,221,71350253,71350141,0.10000000149011612,color/00000217.jpg,depth_aligned/00000217.png,,0
218,220,221,71537659,71537547,112,1785412733829489,1785412733831387,1785412733852805400,8,800,16,16,0,4600,221,222,71537259,71537147,0.10000000149011612,color/00000218.jpg,depth_aligned/00000218.png,,0
219,221,222,71694333,71694221,112,1785412733986480,1785412733987887,1785412734010922100,8,800,16,16,0,4600,222,223,71693933,71693821,0.10000000149011612,color/00000219.jpg,depth_aligned/00000219.png,,0
220,222,223,71862934,71862823,111,1785412734153592,1785412734156278,1785412734168321400,8,800,16,16,0,4600,223,224,71862534,71862423,0.10000000149011612,color/00000220.jpg,depth_aligned/00000220.png,,0
221,223,224,72002369,72002258,111,1785412734293439,1785412734296613,1785412734311486700,8,800,16,16,0,4600,224,225,72001969,72001858,0.10000000149011612,color/00000221.jpg,depth_aligned/00000221.png,,0
222,224,225,72163059,72162948,111,1785412734455408,1785412734456720,1785412734481308600,8,800,16,16,0,4600,225,226,72162659,72162548,0.10000000149011612,color/00000222.jpg,depth_aligned/00000222.png,,0
223,225,226,72352410,72352298,112,1785412734644543,1785412734646099,1785412734672226600,8,800,16,16,0,4600,226,227,72352010,72351898,0.10000000149011612,color/00000223.jpg,depth_aligned/00000223.png,,0
224,226,227,72544386,72544275,111,1785412734836261,1785412734838124,1785412734862739100,8,800,16,16,0,4600,227,228,72543986,72543875,0.10000000149011612,color/00000224.jpg,depth_aligned/00000224.png,,0
225,227,228,72733798,72733686,112,1785412735025501,1785412735027470,1785412735050074600,8,800,16,16,0,4600,228,229,72733398,72733286,0.10000000149011612,color/00000225.jpg,depth_aligned/00000225.png,,0
226,228,229,72919256,72919144,112,1785412735211262,1785412735212738,1785412735236002000,8,800,16,16,0,4600,229,230,72918856,72918744,0.10000000149011612,color/00000226.jpg,depth_aligned/00000226.png,,0
227,229,230,73086361,73086249,112,1785412735377833,1785412735379706,1785412735393171900,8,800,16,16,0,4600,230,231,73085961,73085849,0.10000000149011612,color/00000227.jpg,depth_aligned/00000227.png,,0
228,230,231,73228964,73228853,111,1785412735520182,1785412735522279,1785412735543749700,8,800,16,16,0,4600,231,232,73228564,73228453,0.10000000149011612,color/00000228.jpg,depth_aligned/00000228.png,,0
229,231,232,73391483,73391372,111,1785412735683699,1785412735685201,1785412735711326600,8,800,16,16,0,4600,232,233,73391083,73390972,0.10000000149011612,color/00000229.jpg,depth_aligned/00000229.png,,0
230,232,233,73563322,73563210,112,1785412735855461,1785412735857017,1785412735883229100,8,800,16,16,0,4600,233,234,73562922,73562810,0.10000000149011612,color/00000230.jpg,depth_aligned/00000230.png,,0
231,233,234,73799243,73799132,111,1785412736091404,1785412736092833,1785412736119952600,8,800,16,16,0,4600,234,235,73798843,73798732,0.10000000149011612,color/00000231.jpg,depth_aligned/00000231.png,,0
232,234,235,74002641,74002529,112,1785412736293661,1785412736296250,1785412736307692800,8,800,16,16,0,4600,235,236,74002241,74002129,0.10000000149011612,color/00000232.jpg,depth_aligned/00000232.png,,0
233,235,236,74160328,74160216,112,1785412736452675,1785412736454154,1785412736471657500,8,800,16,16,0,4600,236,237,74159928,74159816,0.10000000149011612,color/00000233.jpg,depth_aligned/00000233.png,,0
234,236,237,74330838,74330727,111,1785412736622670,1785412736624369,1785412736643288500,8,800,16,16,0,4600,237,238,74330438,74330327,0.10000000149011612,color/00000234.jpg,depth_aligned/00000234.png,,0
235,237,238,74490289,74490178,111,1785412736781801,1785412736783822,1785412736793927500,8,800,16,16,0,4600,238,239,74489889,74489778,0.10000000149011612,color/00000235.jpg,depth_aligned/00000235.png,,0
236,238,239,74647148,74647037,111,1785412736938091,1785412736940690,1785412736952487800,8,800,16,16,0,4600,239,240,74646748,74646637,0.10000000149011612,color/00000236.jpg,depth_aligned/00000236.png,,0
237,239,240,74851660,74851549,111,1785412737143463,1785412737145190,1785412737161626100,8,800,16,16,0,4600,240,241,74851260,74851149,0.10000000149011612,color/00000237.jpg,depth_aligned/00000237.png,,0
238,240,241,75007907,75007796,111,1785412737299878,1785412737301559,1785412737319986100,8,800,16,16,0,4600,241,242,75007507,75007396,0.10000000149011612,color/00000238.jpg,depth_aligned/00000238.png,,0
239,241,242,75183867,75183755,112,1785412737475233,1785412737477092,1785412737494885800,8,800,16,16,0,4600,242,243,75183467,75183355,0.10000000149011612,color/00000239.jpg,depth_aligned/00000239.png,,0
240,242,243,75352774,75352663,111,1785412737644911,1785412737646169,1785412737671249800,8,800,16,16,0,4600,243,244,75352374,75352263,0.10000000149011612,color/00000240.jpg,depth_aligned/00000240.png,,0
241,243,244,75525006,75524895,111,1785412737816716,1785412737818547,1785412737843873700,8,800,16,16,0,4600,244,245,75524606,75524495,0.10000000149011612,color/00000241.jpg,depth_aligned/00000241.png,,0
242,244,245,75692307,75692196,111,1785412737983247,1785412737985615,1785412738003016900,8,800,16,16,0,4600,245,246,75691907,75691796,0.10000000149011612,color/00000242.jpg,depth_aligned/00000242.png,,0
243,245,246,75850447,75850336,111,1785412738142233,1785412738144087,1785412738168670200,8,800,16,16,0,4600,246,247,75850047,75849936,0.10000000149011612,color/00000243.jpg,depth_aligned/00000243.png,,0
244,246,247,76024319,76024208,111,1785412738316281,1785412738317763,1785412738343560600,8,800,16,16,0,4600,247,248,76023919,76023808,0.10000000149011612,color/00000244.jpg,depth_aligned/00000244.png,,0
245,247,248,76210886,76210774,112,1785412738503370,1785412738504652,1785412738533229800,8,800,16,16,0,4600,248,249,76210486,76210374,0.10000000149011612,color/00000245.jpg,depth_aligned/00000245.png,,0
246,248,249,76402136,76402025,111,1785412738693303,1785412738695915,1785412738717435500,8,800,16,16,0,4600,249,250,76401736,76401625,0.10000000149011612,color/00000246.jpg,depth_aligned/00000246.png,,0
247,249,250,76572335,76572224,111,1785412738862675,1785412738865443,1785412738878655900,8,800,16,16,0,4600,250,251,76571935,76571824,0.10000000149011612,color/00000247.jpg,depth_aligned/00000247.png,,0
248,250,251,76730551,76730440,111,1785412739022274,1785412739024080,1785412739044783200,8,800,16,16,0,4600,251,252,76730151,76730040,0.10000000149011612,color/00000248.jpg,depth_aligned/00000248.png,,0
249,251,252,76902270,76902158,112,1785412739193474,1785412739195931,1785412739208645900,8,800,16,16,0,4600,252,253,76901870,76901758,0.10000000149011612,color/00000249.jpg,depth_aligned/00000249.png,,0
250,252,253,77058221,77058109,112,1785412739349249,1785412739351879,1785412739371702400,8,800,16,16,0,4600,253,254,77057821,77057709,0.10000000149011612,color/00000250.jpg,depth_aligned/00000250.png,,0
251,253,254,77235665,77235554,111,1785412739528103,1785412739529139,1785412739556162900,8,800,16,16,0,4600,254,255,77235265,77235154,0.10000000149011612,color/00000251.jpg,depth_aligned/00000251.png,,0
252,254,255,77441240,77441128,112,1785412739733521,1785412739734871,1785412739760341100,8,800,16,16,0,4600,255,256,77440840,77440728,0.10000000149011612,color/00000252.jpg,depth_aligned/00000252.png,,0
253,255,256,77647635,77647524,111,1785412739939387,1785412739941177,1785412739966544500,8,800,16,16,0,4600,256,257,77647235,77647124,0.10000000149011612,color/00000253.jpg,depth_aligned/00000253.png,,0
254,256,257,77817509,77817398,111,1785412740109307,1785412740111026,1785412740125411400,8,800,16,16,0,4600,257,258,77817109,77816998,0.10000000149011612,color/00000254.jpg,depth_aligned/00000254.png,,0
255,257,258,77987768,77987657,111,1785412740279550,1785412740281356,1785412740295867700,8,800,16,16,0,4600,258,259,77987368,77987257,0.10000000149011612,color/00000255.jpg,depth_aligned/00000255.png,,0
256,258,259,78143091,78142980,111,1785412740434100,1785412740436287,1785412740447518600,8,800,16,16,0,4600,259,260,78142691,78142580,0.10000000149011612,color/00000256.jpg,depth_aligned/00000256.png,,0
257,259,260,78303965,78303854,111,1785412740595166,1785412740597311,1785412740608695800,8,800,16,16,0,4600,260,261,78303565,78303454,0.10000000149011612,color/00000257.jpg,depth_aligned/00000257.png,,0
258,260,261,78455436,78455324,112,1785412740745989,1785412740748775,1785412740762786000,8,800,16,16,0,4600,261,262,78455036,78454924,0.10000000149011612,color/00000258.jpg,depth_aligned/00000258.png,,0
259,261,262,78614828,78614717,111,1785412740906675,1785412740908304,1785412740935502000,8,800,16,16,0,4600,262,263,78614428,78614317,0.10000000149011612,color/00000259.jpg,depth_aligned/00000259.png,,0
260,262,263,78820859,78820748,111,1785412741113351,1785412741114555,1785412741142817600,8,800,16,16,0,4600,263,264,78820459,78820348,0.10000000149011612,color/00000260.jpg,depth_aligned/00000260.png,,0
261,263,264,79023448,79023337,111,1785412741314549,1785412741316818,1785412741335553800,8,800,16,16,0,4600,264,265,79023048,79022937,0.10000000149011612,color/00000261.jpg,depth_aligned/00000261.png,,0
262,264,265,79196593,79196482,111,1785412741487673,1785412741490707,1785412741501466900,8,800,16,16,0,4600,265,266,79196193,79196082,0.10000000149011612,color/00000262.jpg,depth_aligned/00000262.png,,0
263,265,266,79334197,79334085,112,1785412741624884,1785412741627739,1785412741639458300,8,800,16,16,0,4600,266,267,79333797,79333685,0.10000000149011612,color/00000263.jpg,depth_aligned/00000263.png,,0
264,266,267,79491765,79491654,111,1785412741782692,1785412741785021,1785412741803403800,8,800,16,16,0,4600,267,268,79491365,79491254,0.10000000149011612,color/00000264.jpg,depth_aligned/00000264.png,,0
265,267,268,79633445,79633333,112,1785412741925366,1785412741926718,1785412741944974600,8,800,16,16,0,4600,268,269,79633045,79632933,0.10000000149011612,color/00000265.jpg,depth_aligned/00000265.png,,0
266,268,269,79791932,79791821,111,1785412742084246,1785412742085616,1785412742109046900,8,800,16,16,0,4600,269,270,79791532,79791421,0.10000000149011612,color/00000266.jpg,depth_aligned/00000266.png,,0
267,269,270,79999998,79999886,112,1785412742292476,1785412742293779,1785412742322576600,8,800,16,16,0,4600,270,271,79999598,79999486,0.10000000149011612,color/00000267.jpg,depth_aligned/00000267.png,,0
268,270,271,80203806,80203695,111,1785412742495723,1785412742497236,1785412742521762900,8,800,16,16,0,4600,271,272,80203406,80203295,0.10000000149011612,color/00000268.jpg,depth_aligned/00000268.png,,0
269,271,272,80374724,80374612,112,1785412742666549,1785412742668091,1785412742683300700,8,800,16,16,0,4600,272,273,80374324,80374212,0.10000000149011612,color/00000269.jpg,depth_aligned/00000269.png,,0
270,272,273,80517629,80517518,111,1785412742808811,1785412742811086,1785412742832300600,8,800,16,16,0,4600,273,274,80517229,80517118,0.10000000149011612,color/00000270.jpg,depth_aligned/00000270.png,,0
271,273,274,80670459,80670348,111,1785412742962289,1785412742963692,1785412742988837100,8,800,16,16,0,4600,274,275,80670059,80669948,0.10000000149011612,color/00000271.jpg,depth_aligned/00000271.png,,0
272,274,275,80844206,80844095,111,1785412743134728,1785412743137624,1785412743151378900,8,800,16,16,0,4600,275,276,80843806,80843695,0.10000000149011612,color/00000272.jpg,depth_aligned/00000272.png,,0
273,275,276,80980185,80980074,111,1785412743270896,1785412743273275,1785412743286795000,8,800,16,16,0,4600,276,277,80979785,80979674,0.10000000149011612,color/00000273.jpg,depth_aligned/00000273.png,,0
274,276,277,81138830,81138719,111,1785412743429554,1785412743432290,1785412743450946200,8,800,16,16,0,4600,277,278,81138430,81138319,0.10000000149011612,color/00000274.jpg,depth_aligned/00000274.png,,0
275,277,278,81294912,81294801,111,1785412743586715,1785412743588367,1785412743616193700,8,800,16,16,0,4600,278,279,81294512,81294401,0.10000000149011612,color/00000275.jpg,depth_aligned/00000275.png,,0
276,278,279,81472368,81472257,111,1785412743764088,1785412743765708,1785412743792868100,8,800,16,16,0,4600,279,280,81471968,81471857,0.10000000149011612,color/00000276.jpg,depth_aligned/00000276.png,,0
277,279,280,81643365,81643253,112,1785412743935222,1785412743936793,1785412743961053400,8,800,16,16,0,4600,280,281,81642965,81642853,0.10000000149011612,color/00000277.jpg,depth_aligned/00000277.png,,0
278,280,281,81814187,81814075,112,1785412744105727,1785412744107814,1785412744119710700,8,800,16,16,0,4600,281,282,81813787,81813675,0.10000000149011612,color/00000278.jpg,depth_aligned/00000278.png,,0
279,281,282,81986093,81985981,112,1785412744277117,1785412744279362,1785412744300121700,8,800,16,16,0,4600,282,283,81985693,81985581,0.10000000149011612,color/00000279.jpg,depth_aligned/00000279.png,,0
280,282,283,82142146,82142035,111,1785412744433114,1785412744435358,1785412744450200000,8,800,16,16,0,4600,283,284,82141746,82141635,0.10000000149011612,color/00000280.jpg,depth_aligned/00000280.png,,0
281,283,284,82302086,82301974,112,1785412744594204,1785412744595610,1785412744617813700,8,800,16,16,0,4600,284,285,82301686,82301574,0.10000000149011612,color/00000281.jpg,depth_aligned/00000281.png,,0
282,284,285,82459109,82458998,111,1785412744751095,1785412744752502,1785412744779885500,8,800,16,16,0,4600,285,286,82458709,82458598,0.10000000149011612,color/00000282.jpg,depth_aligned/00000282.png,,0
283,285,286,82634213,82634101,112,1785412744926261,1785412744927735,1785412744955802000,8,800,16,16,0,4600,286,287,82633813,82633701,0.10000000149011612,color/00000283.jpg,depth_aligned/00000283.png,,0
284,286,287,82824391,82824280,111,1785412745115439,1785412745117788,1785412745134684300,8,800,16,16,0,4600,287,288,82823991,82823880,0.10000000149011612,color/00000284.jpg,depth_aligned/00000284.png,,0
285,287,288,82978222,82978110,112,1785412745269884,1785412745271577,1785412745294372000,8,800,16,16,0,4600,288,289,82977822,82977710,0.10000000149011612,color/00000285.jpg,depth_aligned/00000285.png,,0
286,288,289,83151255,83151144,111,1785412745442907,1785412745444771,1785412745469335400,8,800,16,16,0,4600,289,290,83150855,83150744,0.10000000149011612,color/00000286.jpg,depth_aligned/00000286.png,,0
287,289,290,83304312,83304201,111,1785412745595836,1785412745597560,1785412745612385200,8,800,16,16,0,4600,290,291,83303912,83303801,0.10000000149011612,color/00000287.jpg,depth_aligned/00000287.png,,0
288,290,291,83447084,83446972,112,1785412745738789,1785412745740420,1785412745761940500,8,800,16,16,0,4600,291,292,83446684,83446572,0.10000000149011612,color/00000288.jpg,depth_aligned/00000288.png,,0
289,291,292,83600718,83600606,112,1785412745891283,1785412745893989,1785412745905881500,8,800,16,16,0,4600,292,293,83600318,83600206,0.10000000149011612,color/00000289.jpg,depth_aligned/00000289.png,,0
290,292,293,83742191,83742080,111,1785412746032961,1785412746035334,1785412746058129100,8,800,16,16,0,4600,293,294,83741791,83741680,0.10000000149011612,color/00000290.jpg,depth_aligned/00000290.png,,0
291,293,294,83896954,83896843,111,1785412746187678,1785412746190202,1785412746214237000,8,800,16,16,0,4600,294,295,83896554,83896443,0.10000000149011612,color/00000291.jpg,depth_aligned/00000291.png,,0
292,294,295,84053479,84053367,112,1785412746345126,1785412746346969,1785412746372853700,8,800,16,16,0,4600,295,296,84053079,84052967,0.10000000149011612,color/00000292.jpg,depth_aligned/00000292.png,,0
293,295,296,84239886,84239774,112,1785412746531223,1785412746533047,1785412746555138500,8,800,16,16,0,4600,296,297,84239486,84239374,0.10000000149011612,color/00000293.jpg,depth_aligned/00000293.png,,0
294,296,297,84394194,84394083,111,1785412746686309,1785412746687664,1785412746703466400,8,800,16,16,0,4600,297,298,84393794,84393683,0.10000000149011612,color/00000294.jpg,depth_aligned/00000294.png,,0
295,297,298,84549179,84549067,112,1785412746839558,1785412746842614,1785412746858586800,8,800,16,16,0,4600,298,299,84548779,84548667,0.10000000149011612,color/00000295.jpg,depth_aligned/00000295.png,,0
296,298,299,84706748,84706636,112,1785412746998732,1785412747000051,1785412747014820100,8,800,16,16,0,4600,299,300,84706348,84706236,0.10000000149011612,color/00000296.jpg,depth_aligned/00000296.png,,0
297,299,300,84862900,84862788,112,1785412747155447,1785412747156335,1785412747174618200,8,800,16,16,0,4600,300,301,84862500,84862388,0.10000000149011612,color/00000297.jpg,depth_aligned/00000297.png,,0
