node_index,frame_id,direct_pose_qualified,attitude_qualified,paused,backward,severe_motion_clusters,image_quality,reliable_local_edge_count,reliable_local_left_count,reliable_local_right_count,reliable_local_edge_indices,severe_motion_cluster_incident_edge_indices,rejection_reasons,rejected_incident_reasons
0,35,True,True,True,False,False,0.8339717319583317,1,0,1,249,,paused;incident_edge:pose_direction_disagreement,pose_direction_disagreement
1,42,True,True,True,False,False,0.8338286359077253,2,0,2,126;250,,paused;missing_reliable_local_left_support;incident_edge:pose_direction_disagreement,pose_direction_disagreement
2,48,True,True,True,False,False,0.8349339456735692,2,0,2,2;127,251,paused;missing_reliable_local_left_support;incident_edge:excessive_parallax_clusters;incident_edge:pose_direction_disagreement,excessive_parallax_clusters;pose_direction_disagreement
3,54,True,True,True,False,False,0.8348359451041667,4,2,2,2;3;126;128,252,paused;incident_edge:excessive_parallax_clusters;incident_edge:insufficient_model_inlier_ratio_retained,excessive_parallax_clusters;insufficient_model_inlier_ratio_retained
4,60,True,True,False,False,False,0.8345577197774764,5,3,2,3;4;127;129;249,253,incident_edge:excessive_parallax_clusters;incident_edge:insufficient_model_inlier_ratio_retained,excessive_parallax_clusters;insufficient_model_inlier_ratio_retained
5,66,True,True,False,False,False,0.8360770755660031,5,3,2,4;5;128;130;250,,incident_edge:insufficient_model_inlier_ratio_retained,insufficient_model_inlier_ratio_retained
6,72,True,True,False,False,False,0.8357817445391089,4,2,2,5;6;129;131,251;255,incident_edge:excessive_parallax_clusters;incident_edge:insufficient_model_inlier_ratio_retained,excessive_parallax_clusters;insufficient_model_inlier_ratio_retained
7,78,True,True,False,False,False,0.8356075547832098,4,2,2,6;7;130;132,252;256,incident_edge:excessive_parallax_clusters;incident_edge:insufficient_effective_inlier_ratio_detected;incident_edge:insufficient_model_inlier_ratio_retained,excessive_parallax_clusters;insufficient_effective_inlier_ratio_detected;insufficient_model_inlier_ratio_retained
8,84,True,True,False,False,False,0.8364265209990116,4,2,2,7;8;131;133,253;257,incident_edge:excessive_parallax_clusters;incident_edge:insufficient_effective_inlier_ratio_detected;incident_edge:insufficient_model_inlier_ratio_retained,excessive_parallax_clusters;insufficient_effective_inlier_ratio_detected;insufficient_model_inlier_ratio_retained
9,90,True,True,False,False,False,0.8353627213114377,4,2,2,8;9;132;134,,incident_edge:insufficient_effective_inlier_ratio_detected;incident_edge:insufficient_model_inlier_ratio_retained,insufficient_effective_inlier_ratio_detected;insufficient_model_inlier_ratio_retained
10,97,True,True,False,False,False,0.8343275834763964,3,2,1,9;10;133,255;259,incident_edge:excessive_parallax_clusters;incident_edge:insufficient_effective_inlier_ratio_detected;incident_edge:insufficient_model_inlier_ratio_retained,excessive_parallax_clusters;insufficient_effective_inlier_ratio_detected;insufficient_model_inlier_ratio_retained
11,104,True,True,False,False,False,0.836160618447028,3,2,1,10;11;134,256;260,incident_edge:excessive_parallax_clusters;incident_edge:insufficient_effective_inlier_ratio_detected;incident_edge:insufficient_model_inlier_ratio_retained,excessive_parallax_clusters;insufficient_effective_inlier_ratio_detected;insufficient_model_inlier_ratio_retained
12,111,True,True,False,False,False,0.8381354940435628,2,1,1,11;12,137;257;261,incident_edge:excessive_parallax_clusters;incident_edge:insufficient_effective_inlier_ratio_detected;incident_edge:insufficient_model_inlier_ratio_retained,excessive_parallax_clusters;insufficient_effective_inlier_ratio_detected;insufficient_model_inlier_ratio_retained
13,118,True,True,False,False,False,0.8370947997413318,2,1,1,12;13,138;262,incident_edge:excessive_parallax_clusters;incident_edge:insufficient_effective_inlier_ratio_detected;incident_edge:insufficient_model_inlier_ratio_retained,excessive_parallax_clusters;insufficient_effective_inlier_ratio_detected;insufficient_model_inlier_ratio_retained
14,125,True,True,False,False,False,0.8373299170789927,2,1,1,13;14,137;139;259;263,incident_edge:excessive_parallax_clusters;incident_edge:insufficient_effective_inlier_ratio_detected;incident_edge:insufficient_model_inlier_ratio_retained,excessive_parallax_clusters;insufficient_effective_inlier_ratio_detected;insufficient_model_inlier_ratio_retained
15,131,True,True,False,False,False,0.8375888551394408,2,1,1,14;15,138;140;260;264,incident_edge:excessive_parallax_clusters;incident_edge:insufficient_effective_inlier_ratio_detected;incident_edge:insufficient_model_inlier_ratio_retained,excessive_parallax_clusters;insufficient_effective_inlier_ratio_detected;insufficient_model_inlier_ratio_retained
16,137,True,True,False,False,False,0.8355545480080675,2,1,1,15;16,139;141;261;265,incident_edge:excessive_parallax_clusters;incident_edge:insufficient_effective_inlier_ratio_detected;incident_edge:insufficient_model_inlier_ratio_retained,excessive_parallax_clusters;insufficient_effective_inlier_ratio_detected;insufficient_model_inlier_ratio_retained
17,143,True,True,False,False,False,0.8348006707295139,2,1,1,16;17,140;142;262;266,incident_edge:excessive_parallax_clusters;incident_edge:insufficient_effective_inlier_ratio_detected;incident_edge:insufficient_model_inlier_ratio_retained,excessive_parallax_clusters;insufficient_effective_inlier_ratio_detected;insufficient_model_inlier_ratio_retained
18,150,True,True,False,False,False,0.8308009707095227,2,1,1,17;18,141;143;263;267,incident_edge:excessive_parallax_clusters;incident_edge:insufficient_effective_inlier_ratio_detected;incident_edge:insufficient_model_inlier_ratio_retained,excessive_parallax_clusters;insufficient_effective_inlier_ratio_detected;insufficient_model_inlier_ratio_retained
19,156,True,True,False,False,False,0.8272597379358588,2,1,1,18;19,142;144;264;268,incident_edge:excessive_parallax_clusters;incident_edge:insufficient_effective_inlier_ratio_detected;incident_edge:insufficient_model_inlier_ratio_retained,excessive_parallax_clusters;insufficient_effective_inlier_ratio_detected;insufficient_model_inlier_ratio_retained
20,163,True,True,False,False,False,0.8270539725234861,2,1,1,19;20,143;145;265;269,incident_edge:excessive_parallax_clusters;incident_edge:insufficient_effective_inlier_ratio_detected;incident_edge:insufficient_model_inlier_ratio_retained,excessive_parallax_clusters;insufficient_effective_inlier_ratio_detected;insufficient_model_inlier_ratio_retained
21,170,True,True,False,False,False,0.8254006805572688,2,1,1,20;21,144;146;266;270,incident_edge:excessive_parallax_clusters;incident_edge:insufficient_effective_inlier_ratio_detected;incident_edge:insufficient_model_inlier_ratio_retained,excessive_parallax_clusters;insufficient_effective_inlier_ratio_detected;insufficient_model_inlier_ratio_retained
22,176,True,True,False,False,False,0.8273235010816228,2,1,1,21;22,145;147;267;271,incident_edge:excessive_parallax_clusters;incident_edge:insufficient_effective_inlier_ratio_detected;incident_edge:insufficient_model_inlier_ratio_retained,excessive_parallax_clusters;insufficient_effective_inlier_ratio_detected;insufficient_model_inlier_ratio_retained
23,183,True,True,False,False,False,0.827647116707092,2,1,1,22;23,146;148;268;272,incident_edge:excessive_parallax_clusters;incident_edge:insufficient_effective_inlier_ratio_detected;incident_edge:insufficient_model_inlier_ratio_retained,excessive_parallax_clusters;insufficient_effective_inlier_ratio_detected;insufficient_model_inlier_ratio_retained
24,189,True,True,False,False,False,0.820493955949074,2,1,1,23;24,147;149;269;273,incident_edge:excessive_parallax_clusters;incident_edge:insufficient_effective_inlier_ratio_detected;incident_edge:insufficient_model_inlier_ratio_retained,excessive_parallax_clusters;insufficient_effective_inlier_ratio_detected;insufficient_model_inlier_ratio_retained
25,195,True,True,False,False,False,0.8190205477781073,2,1,1,24;25,148;150;270;274,incident_edge:excessive_parallax_clusters;incident_edge:insufficient_effective_inlier_ratio_detected;incident_edge:insufficient_model_inlier_ratio_retained,excessive_parallax_clusters;insufficient_effective_inlier_ratio_detected;insufficient_model_inlier_ratio_retained
26,202,True,True,False,False,False,0.8179348635854575,2,1,1,25;26,149;151;271;275,incident_edge:excessive_parallax_clusters;incident_edge:insufficient_effective_inlier_ratio_detected;incident_edge:insufficient_model_inlier_ratio_retained,excessive_parallax_clusters;insufficient_effective_inlier_ratio_detected;insufficient_model_inlier_ratio_retained
27,208,True,True,False,False,False,0.8178170753441703,2,1,1,26;27,150;152;272;276,incident_edge:excessive_parallax_clusters;incident_edge:insufficient_effective_inlier_ratio_detected;incident_edge:insufficient_model_inlier_ratio_retained,excessive_parallax_clusters;insufficient_effective_inlier_ratio_detected;insufficient_model_inlier_ratio_retained
28,215,True,True,False,False,False,0.8172530578409847,2,1,1,27;28,151;153;273;277,incident_edge:excessive_parallax_clusters;incident_edge:insufficient_effective_inlier_ratio_detected;incident_edge:insufficient_model_inlier_ratio_retained,excessive_parallax_clusters;insufficient_effective_inlier_ratio_detected;insufficient_model_inlier_ratio_retained
29,222,True,True,False,False,False,0.8186884250017137,2,1,1,28;29,152;154;274;278,incident_edge:excessive_parallax_clusters;incident_edge:insufficient_effective_inlier_ratio_detected;incident_edge:insufficient_model_inlier_ratio_retained,excessive_parallax_clusters;insufficient_effective_inlier_ratio_detected;insufficient_model_inlier_ratio_retained
30,229,True,True,False,False,False,0.8170772016741781,3,1,2,29;30;155,153;275;279,incident_edge:excessive_parallax_clusters;incident_edge:insufficient_effective_inlier_ratio_detected;incident_edge:insufficient_model_inlier_ratio_retained,excessive_parallax_clusters;insufficient_effective_inlier_ratio_detected;insufficient_model_inlier_ratio_retained
31,236,True,True,False,False,False,0.821166363224079,2,1,1,30;31,154;156;276;280,incident_edge:excessive_parallax_clusters;incident_edge:insufficient_effective_inlier_ratio_detected;incident_edge:insufficient_model_inlier_ratio_retained,excessive_parallax_clusters;insufficient_effective_inlier_ratio_detected;insufficient_model_inlier_ratio_retained
32,242,True,True,False,False,False,0.8167772586561369,3,2,1,31;32;155,157;277;281,incident_edge:excessive_parallax_clusters;incident_edge:insufficient_effective_inlier_ratio_detected;incident_edge:insufficient_model_inlier_ratio_retained,excessive_parallax_clusters;insufficient_effective_inlier_ratio_detected;insufficient_model_inlier_ratio_retained
33,248,True,True,False,False,False,0.8189459755676054,2,1,1,32;33,156;158;278;282,incident_edge:excessive_parallax_clusters;incident_edge:insufficient_effective_inlier_ratio_detected;incident_edge:insufficient_model_inlier_ratio_retained,excessive_parallax_clusters;insufficient_effective_inlier_ratio_detected;insufficient_model_inlier_ratio_retained
34,256,True,True,False,False,False,0.814170400022483,3,1,2,33;34;159,157;279;283,incident_edge:excessive_parallax_clusters;incident_edge:insufficient_effective_inlier_ratio_detected;incident_edge:insufficient_model_inlier_ratio_retained,excessive_parallax_clusters;insufficient_effective_inlier_ratio_detected;insufficient_model_inlier_ratio_retained
35,263,True,True,False,False,False,0.813748255284725,2,1,1,34;35,158;160;280;284,incident_edge:excessive_parallax_clusters;incident_edge:insufficient_effective_inlier_ratio_detected;incident_edge:insufficient_model_inlier_ratio_retained,excessive_parallax_clusters;insufficient_effective_inlier_ratio_detected;insufficient_model_inlier_ratio_retained
36,270,True,True,False,False,False,0.8108308462189322,4,2,2,35;36;159;161,281;285,incident_edge:excessive_parallax_clusters;incident_edge:insufficient_effective_inlier_ratio_detected;incident_edge:insufficient_model_inlier_ratio_retained,excessive_parallax_clusters;insufficient_effective_inlier_ratio_detected;insufficient_model_inlier_ratio_retained
37,276,True,True,False,False,False,0.8121886500815247,2,1,1,36;37,160;162;282;286,incident_edge:excessive_parallax_clusters;incident_edge:insufficient_effective_inlier_ratio_detected;incident_edge:insufficient_model_inlier_ratio_retained,excessive_parallax_clusters;insufficient_effective_inlier_ratio_detected;insufficient_model_inlier_ratio_retained
38,283,True,True,False,False,False,0.8132029578964484,3,2,1,37;38;161,163;283;287,incident_edge:excessive_parallax_clusters;incident_edge:insufficient_effective_inlier_ratio_detected;incident_edge:insufficient_model_inlier_ratio_retained,excessive_parallax_clusters;insufficient_effective_inlier_ratio_detected;insufficient_model_inlier_ratio_retained
39,289,True,True,False,False,False,0.8119347767354228,2,1,1,38;39,162;164;284;288,incident_edge:excessive_parallax_clusters;incident_edge:insufficient_model_inlier_ratio_retained,excessive_parallax_clusters;insufficient_model_inlier_ratio_retained
40,296,True,True,False,False,False,0.8104814695304287,3,1,2,39;40;165,163;285;289,incident_edge:excessive_parallax_clusters;incident_edge:insufficient_model_inlier_ratio_retained,excessive_parallax_clusters;insufficient_model_inlier_ratio_retained
41,303,True,True,False,False,False,0.8103747744537304,3,1,2,40;41;166,164;286;290,incident_edge:excessive_parallax_clusters;incident_edge:insufficient_effective_inlier_ratio_detected;incident_edge:insufficient_model_inlier_ratio_retained,excessive_parallax_clusters;insufficient_effective_inlier_ratio_detected;insufficient_model_inlier_ratio_retained
42,309,True,True,False,False,False,0.8094091300163724,4,2,2,41;42;165;167,287;291,incident_edge:excessive_parallax_clusters;incident_edge:insufficient_effective_inlier_ratio_detected;incident_edge:insufficient_model_inlier_ratio_retained,excessive_parallax_clusters;insufficient_effective_inlier_ratio_detected;insufficient_model_inlier_ratio_retained
43,315,True,True,False,False,False,0.8082922948936981,4,2,2,42;43;166;168,288;292,incident_edge:excessive_parallax_clusters;incident_edge:insufficient_model_inlier_ratio_retained,excessive_parallax_clusters;insufficient_model_inlier_ratio_retained
44,322,True,True,False,False,False,0.8093099360650877,3,2,1,43;44;167,169;289;293,incident_edge:excessive_parallax_clusters;incident_edge:insufficient_model_inlier_ratio_retained,excessive_parallax_clusters;insufficient_model_inlier_ratio_retained
45,329,True,True,False,False,False,0.8068766565478254,4,2,2,44;45;168;170,290;294,incident_edge:excessive_parallax_clusters;incident_edge:insufficient_effective_inlier_ratio_detected;incident_edge:insufficient_model_inlier_ratio_retained,excessive_parallax_clusters;insufficient_effective_inlier_ratio_detected;insufficient_model_inlier_ratio_retained
46,336,True,True,False,False,False,0.8066764714880474,3,1,2,45;46;171,169;291;295,incident_edge:excessive_parallax_clusters;incident_edge:insufficient_effective_inlier_ratio_detected;incident_edge:insufficient_model_inlier_ratio_retained,excessive_parallax_clusters;insufficient_effective_inlier_ratio_detected;insufficient_model_inlier_ratio_retained
47,342,True,True,False,False,False,0.8064516515618958,3,2,1,46;47;170,172;292;296,incident_edge:excessive_parallax_clusters;incident_edge:insufficient_effective_inlier_ratio_detected;incident_edge:insufficient_model_inlier_ratio_retained,excessive_parallax_clusters;insufficient_effective_inlier_ratio_detected;insufficient_model_inlier_ratio_retained
48,348,True,True,False,False,False,0.805175030450298,3,2,1,47;48;171,173;293;297,incident_edge:excessive_parallax_clusters;incident_edge:insufficient_effective_inlier_ratio_detected;incident_edge:insufficient_model_inlier_ratio_retained,excessive_parallax_clusters;insufficient_effective_inlier_ratio_detected;insufficient_model_inlier_ratio_retained
49,355,True,True,False,False,False,0.8102033741346124,2,1,1,48;49,172;174;294;298,incident_edge:excessive_parallax_clusters;incident_edge:insufficient_effective_inlier_ratio_detected;incident_edge:insufficient_model_inlier_ratio_retained,excessive_parallax_clusters;insufficient_effective_inlier_ratio_detected;insufficient_model_inlier_ratio_retained
50,362,True,True,False,False,False,0.8069004726016868,2,1,1,49;50,173;175;295;299,incident_edge:excessive_parallax_clusters;incident_edge:insufficient_effective_inlier_ratio_detected;incident_edge:insufficient_model_inlier_ratio_retained,excessive_parallax_clusters;insufficient_effective_inlier_ratio_detected;insufficient_model_inlier_ratio_retained
51,369,True,True,False,False,False,0.8076184705171019,2,1,1,50;51,174;176;296;300,incident_edge:excessive_parallax_clusters;incident_edge:insufficient_effective_inlier_ratio_detected;incident_edge:insufficient_model_inlier_ratio_retained,excessive_parallax_clusters;insufficient_effective_inlier_ratio_detected;insufficient_model_inlier_ratio_retained
52,375,True,True,False,False,False,0.8061703069473453,2,1,1,51;52,175;177;297;301,incident_edge:excessive_parallax_clusters;incident_edge:insufficient_effective_inlier_ratio_detected;incident_edge:insufficient_model_inlier_ratio_retained,excessive_parallax_clusters;insufficient_effective_inlier_ratio_detected;insufficient_model_inlier_ratio_retained
53,382,True,True,False,False,False,0.807062801382534,2,1,1,52;53,176;178;298;302,incident_edge:excessive_parallax_clusters;incident_edge:insufficient_effective_inlier_ratio_detected;incident_edge:insufficient_model_inlier_ratio_retained,excessive_parallax_clusters;insufficient_effective_inlier_ratio_detected;insufficient_model_inlier_ratio_retained
54,389,True,True,False,False,False,0.8068440340367131,2,1,1,53;54,177;179;299,incident_edge:excessive_parallax_clusters;incident_edge:insufficient_effective_inlier_ratio_detected;incident_edge:insufficient_model_inlier_ratio_retained,excessive_parallax_clusters;insufficient_effective_inlier_ratio_detected;insufficient_model_inlier_ratio_retained
55,395,True,True,False,False,False,0.8059508026995378,2,1,1,54;55,178;180;300,incident_edge:excessive_parallax_clusters;incident_edge:insufficient_effective_inlier_ratio_detected;incident_edge:insufficient_model_inlier_ratio_retained,excessive_parallax_clusters;insufficient_effective_inlier_ratio_detected;insufficient_model_inlier_ratio_retained
56,401,True,True,False,False,False,0.8060869857422764,2,1,1,55;56,179;181;301,incident_edge:excessive_parallax_clusters;incident_edge:insufficient_effective_inlier_ratio_detected;incident_edge:insufficient_model_inlier_ratio_retained,excessive_parallax_clusters;insufficient_effective_inlier_ratio_detected;insufficient_model_inlier_ratio_retained
57,408,True,True,False,False,False,0.8069829958752137,2,1,1,56;57,180;182;302,incident_edge:excessive_parallax_clusters;incident_edge:insufficient_effective_inlier_ratio_detected;incident_edge:insufficient_model_inlier_ratio_retained,excessive_parallax_clusters;insufficient_effective_inlier_ratio_detected;insufficient_model_inlier_ratio_retained
58,415,True,True,False,False,False,0.8070329179874551,2,1,1,57;58,181;183,incident_edge:excessive_parallax_clusters;incident_edge:insufficient_effective_inlier_ratio_detected;incident_edge:insufficient_model_inlier_ratio_retained,excessive_parallax_clusters;insufficient_effective_inlier_ratio_detected;insufficient_model_inlier_ratio_retained
59,421,True,True,False,False,False,0.8088697070207411,2,1,1,58;59,182,incident_edge:excessive_parallax_clusters;incident_edge:insufficient_effective_inlier_ratio_detected;incident_edge:insufficient_model_inlier_ratio_retained,excessive_parallax_clusters;insufficient_effective_inlier_ratio_detected;insufficient_model_inlier_ratio_retained
60,428,True,True,False,False,False,0.8083710196781138,2,1,1,59;60,183,incident_edge:excessive_parallax_clusters;incident_edge:insufficient_effective_inlier_ratio_detected;incident_edge:insufficient_model_inlier_ratio_retained,excessive_parallax_clusters;insufficient_effective_inlier_ratio_detected;insufficient_model_inlier_ratio_retained
61,434,True,True,False,False,False,0.8087340311578606,2,1,1,60;61,,incident_edge:insufficient_effective_inlier_ratio_detected;incident_edge:insufficient_model_inlier_ratio_retained,insufficient_effective_inlier_ratio_detected;insufficient_model_inlier_ratio_retained
62,441,True,True,False,False,False,0.8068140234914283,2,1,1,61;62,,incident_edge:insufficient_effective_inlier_ratio_detected;incident_edge:insufficient_model_inlier_ratio_retained,insufficient_effective_inlier_ratio_detected;insufficient_model_inlier_ratio_retained
63,448,True,True,False,False,False,0.8055952064709502,2,1,1,62;63,,incident_edge:insufficient_effective_inlier_ratio_detected;incident_edge:insufficient_model_inlier_ratio_retained,insufficient_effective_inlier_ratio_detected;insufficient_model_inlier_ratio_retained
64,454,True,True,False,False,False,0.802285321704283,2,1,1,63;64,,incident_edge:insufficient_effective_inlier_ratio_detected;incident_edge:insufficient_model_inlier_ratio_retained,insufficient_effective_inlier_ratio_detected;insufficient_model_inlier_ratio_retained
65,461,True,True,False,False,False,0.8002256509163694,2,1,1,64;65,,incident_edge:insufficient_effective_inlier_ratio_detected;incident_edge:insufficient_model_inlier_ratio_retained,insufficient_effective_inlier_ratio_detected;insufficient_model_inlier_ratio_retained
66,467,True,True,False,False,False,0.8006640021125646,2,1,1,65;66,,incident_edge:insufficient_effective_inlier_ratio_detected;incident_edge:insufficient_model_inlier_ratio_retained,insufficient_effective_inlier_ratio_detected;insufficient_model_inlier_ratio_retained
67,473,True,True,False,False,False,0.8030575428633904,2,1,1,66;67,,incident_edge:insufficient_effective_inlier_ratio_detected;incident_edge:insufficient_model_inlier_ratio_retained,insufficient_effective_inlier_ratio_detected;insufficient_model_inlier_ratio_retained
68,480,True,True,False,False,False,0.7985819512118553,2,1,1,67;68,,incident_edge:insufficient_effective_inlier_ratio_detected;incident_edge:insufficient_model_inlier_ratio_retained,insufficient_effective_inlier_ratio_detected;insufficient_model_inlier_ratio_retained
69,486,True,True,False,False,False,0.7983820705737634,2,1,1,68;69,,incident_edge:insufficient_effective_inlier_ratio_detected;incident_edge:insufficient_model_inlier_ratio_retained,insufficient_effective_inlier_ratio_detected;insufficient_model_inlier_ratio_retained
70,493,True,True,False,False,False,0.7993149266482724,2,1,1,69;70,195,incident_edge:excessive_parallax_clusters;incident_edge:insufficient_effective_inlier_ratio_detected;incident_edge:insufficient_model_inlier_ratio_retained,excessive_parallax_clusters;insufficient_effective_inlier_ratio_detected;insufficient_model_inlier_ratio_retained
71,500,True,True,False,False,False,0.7987231382126744,2,1,1,70;71,,incident_edge:insufficient_effective_inlier_ratio_detected;incident_edge:insufficient_model_inlier_ratio_retained,insufficient_effective_inlier_ratio_detected;insufficient_model_inlier_ratio_retained
72,506,True,True,False,False,False,0.7972125311942408,2,1,1,71;72,195,incident_edge:excessive_parallax_clusters;incident_edge:insufficient_effective_inlier_ratio_detected;incident_edge:insufficient_model_inlier_ratio_retained,excessive_parallax_clusters;insufficient_effective_inlier_ratio_detected;insufficient_model_inlier_ratio_retained
73,513,True,True,False,False,False,0.7952122061279066,2,1,1,72;73,,incident_edge:insufficient_effective_inlier_ratio_detected;incident_edge:insufficient_model_inlier_ratio_retained,insufficient_effective_inlier_ratio_detected;insufficient_model_inlier_ratio_retained
74,520,True,True,False,False,False,0.7958067127017195,2,1,1,73;74,,incident_edge:insufficient_effective_inlier_ratio_detected;incident_edge:insufficient_model_inlier_ratio_retained,insufficient_effective_inlier_ratio_detected;insufficient_model_inlier_ratio_retained
75,527,True,True,False,False,False,0.7967343091055714,2,1,1,74;75,200,incident_edge:excessive_parallax_clusters;incident_edge:insufficient_effective_inlier_ratio_detected;incident_edge:insufficient_model_inlier_ratio_retained,excessive_parallax_clusters;insufficient_effective_inlier_ratio_detected;insufficient_model_inlier_ratio_retained
76,533,True,True,False,False,False,0.8000482934327999,2,1,1,75;76,,incident_edge:insufficient_effective_inlier_ratio_detected;incident_edge:insufficient_model_inlier_ratio_retained,insufficient_effective_inlier_ratio_detected;insufficient_model_inlier_ratio_retained
77,540,True,True,False,False,False,0.7972590029478869,2,1,1,76;77,200,incident_edge:excessive_parallax_clusters;incident_edge:insufficient_effective_inlier_ratio_detected;incident_edge:insufficient_model_inlier_ratio_retained,excessive_parallax_clusters;insufficient_effective_inlier_ratio_detected;insufficient_model_inlier_ratio_retained
78,547,True,True,False,False,False,0.7983843024658469,2,1,1,77;78,327,incident_edge:excessive_parallax_clusters;incident_edge:insufficient_effective_inlier_ratio_detected;incident_edge:insufficient_model_inlier_ratio_retained,excessive_parallax_clusters;insufficient_effective_inlier_ratio_detected;insufficient_model_inlier_ratio_retained
79,553,True,True,False,False,False,0.7984616148329575,2,1,1,78;79,,incident_edge:insufficient_effective_inlier_ratio_detected;incident_edge:insufficient_model_inlier_ratio_retained,insufficient_effective_inlier_ratio_detected;insufficient_model_inlier_ratio_retained
80,560,True,True,False,False,False,0.800317262357977,2,1,1,79;80,,incident_edge:insufficient_effective_inlier_ratio_detected;incident_edge:insufficient_model_inlier_ratio_retained,insufficient_effective_inlier_ratio_detected;insufficient_model_inlier_ratio_retained
81,566,True,True,False,False,False,0.801711378095191,2,1,1,80;81,,incident_edge:insufficient_effective_inlier_ratio_detected;incident_edge:insufficient_model_inlier_ratio_retained,insufficient_effective_inlier_ratio_detected;insufficient_model_inlier_ratio_retained
82,572,True,True,False,False,False,0.800665050508017,3,1,2,81;82;207,327;331,incident_edge:excessive_parallax_clusters;incident_edge:insufficient_effective_inlier_ratio_detected;incident_edge:insufficient_model_inlier_ratio_retained,excessive_parallax_clusters;insufficient_effective_inlier_ratio_detected;insufficient_model_inlier_ratio_retained
83,579,True,True,False,False,False,0.8014973002317441,2,1,1,82;83,,incident_edge:insufficient_effective_inlier_ratio_detected;incident_edge:insufficient_model_inlier_ratio_retained,insufficient_effective_inlier_ratio_detected;insufficient_model_inlier_ratio_retained
84,585,True,True,False,False,False,0.8064970372129905,3,2,1,83;84;207,333,incident_edge:excessive_parallax_clusters;incident_edge:insufficient_effective_inlier_ratio_detected;incident_edge:insufficient_model_inlier_ratio_retained,excessive_parallax_clusters;insufficient_effective_inlier_ratio_detected;insufficient_model_inlier_ratio_retained
85,592,True,True,False,False,False,0.8016804726574114,2,1,1,84;85,,incident_edge:insufficient_effective_inlier_ratio_detected;incident_edge:insufficient_model_inlier_ratio_retained,insufficient_effective_inlier_ratio_detected;insufficient_model_inlier_ratio_retained
86,598,True,True,False,False,False,0.800966501760644,2,1,1,85;86,331,incident_edge:excessive_parallax_clusters;incident_edge:insufficient_effective_inlier_ratio_detected;incident_edge:insufficient_model_inlier_ratio_retained,excessive_parallax_clusters;insufficient_effective_inlier_ratio_detected;insufficient_model_inlier_ratio_retained
87,604,True,True,False,False,False,0.8018187173672933,2,1,1,86;87,,incident_edge:insufficient_effective_inlier_ratio_detected;incident_edge:insufficient_model_inlier_ratio_retained,insufficient_effective_inlier_ratio_detected;insufficient_model_inlier_ratio_retained
88,610,True,True,False,False,False,0.8024683700531599,2,1,1,87;88,333,incident_edge:excessive_parallax_clusters;incident_edge:insufficient_effective_inlier_ratio_detected;incident_edge:insufficient_model_inlier_ratio_retained,excessive_parallax_clusters;insufficient_effective_inlier_ratio_detected;insufficient_model_inlier_ratio_retained
89,617,True,True,False,False,False,0.8056874121298536,2,1,1,88;89,338,incident_edge:excessive_parallax_clusters;incident_edge:insufficient_effective_inlier_ratio_detected;incident_edge:insufficient_model_inlier_ratio_retained,excessive_parallax_clusters;insufficient_effective_inlier_ratio_detected;insufficient_model_inlier_ratio_retained
90,623,True,True,False,False,False,0.8072688167746693,2,1,1,89;90,339,incident_edge:excessive_parallax_clusters;incident_edge:insufficient_effective_inlier_ratio_detected;incident_edge:insufficient_model_inlier_ratio_retained,excessive_parallax_clusters;insufficient_effective_inlier_ratio_detected;insufficient_model_inlier_ratio_retained
91,629,True,True,False,False,False,0.8097593677749944,2,1,1,90;91,216;340,incident_edge:excessive_parallax_clusters;incident_edge:insufficient_effective_inlier_ratio_detected;incident_edge:insufficient_model_inlier_ratio_retained,excessive_parallax_clusters;insufficient_effective_inlier_ratio_detected;insufficient_model_inlier_ratio_retained
92,635,True,True,False,False,False,0.8132721978869469,2,1,1,91;92,341,incident_edge:excessive_parallax_clusters;incident_edge:insufficient_effective_inlier_ratio_detected;incident_edge:insufficient_model_inlier_ratio_retained,excessive_parallax_clusters;insufficient_effective_inlier_ratio_detected;insufficient_model_inlier_ratio_retained
93,642,True,True,False,False,False,0.8169181647759198,2,1,1,92;93,216;338;342,incident_edge:excessive_parallax_clusters;incident_edge:insufficient_effective_inlier_ratio_detected;incident_edge:insufficient_model_inlier_ratio_retained,excessive_parallax_clusters;insufficient_effective_inlier_ratio_detected;insufficient_model_inlier_ratio_retained
94,649,True,True,False,False,False,0.8204996488745244,2,1,1,93;94,219;339;343,incident_edge:excessive_parallax_clusters;incident_edge:insufficient_effective_inlier_ratio_detected;incident_edge:insufficient_model_inlier_ratio_retained,excessive_parallax_clusters;insufficient_effective_inlier_ratio_detected;insufficient_model_inlier_ratio_retained
95,656,True,True,False,False,False,0.8235870985597651,2,1,1,94;95,220;340;344,incident_edge:excessive_parallax_clusters;incident_edge:insufficient_effective_inlier_ratio_detected;incident_edge:insufficient_model_inlier_ratio_retained,excessive_parallax_clusters;insufficient_effective_inlier_ratio_detected;insufficient_model_inlier_ratio_retained
96,662,True,True,False,False,False,0.826623261005569,2,1,1,95;96,219;221;341;345,incident_edge:excessive_parallax_clusters;incident_edge:insufficient_effective_inlier_ratio_detected;incident_edge:insufficient_model_inlier_ratio_retained,excessive_parallax_clusters;insufficient_effective_inlier_ratio_detected;insufficient_model_inlier_ratio_retained
97,668,True,True,False,False,False,0.8310854813843834,2,1,1,96;97,220;222;342;346,incident_edge:excessive_parallax_clusters;incident_edge:insufficient_effective_inlier_ratio_detected;incident_edge:insufficient_model_inlier_ratio_retained,excessive_parallax_clusters;insufficient_effective_inlier_ratio_detected;insufficient_model_inlier_ratio_retained
98,675,True,True,False,False,False,0.8347526199736273,2,1,1,97;98,221;223;343;347,incident_edge:excessive_parallax_clusters;incident_edge:insufficient_effective_inlier_ratio_detected;incident_edge:insufficient_model_inlier_ratio_retained,excessive_parallax_clusters;insufficient_effective_inlier_ratio_detected;insufficient_model_inlier_ratio_retained
99,682,True,True,False,False,False,0.82944016002392,2,1,1,98;99,222;224;344;348,incident_edge:excessive_parallax_clusters;incident_edge:insufficient_effective_inlier_ratio_detected;incident_edge:insufficient_model_inlier_ratio_retained,excessive_parallax_clusters;insufficient_effective_inlier_ratio_detected;insufficient_model_inlier_ratio_retained
100,689,True,True,False,False,False,0.8300198760447726,2,1,1,99;100,223;225;345;349,incident_edge:excessive_parallax_clusters;incident_edge:insufficient_effective_inlier_ratio_detected;incident_edge:insufficient_model_inlier_ratio_retained,excessive_parallax_clusters;insufficient_effective_inlier_ratio_detected;insufficient_model_inlier_ratio_retained
101,695,True,True,False,False,False,0.8298407192885389,2,1,1,100;101,224;226;346;350,incident_edge:excessive_parallax_clusters;incident_edge:insufficient_effective_inlier_ratio_detected;incident_edge:insufficient_model_inlier_ratio_retained,excessive_parallax_clusters;insufficient_effective_inlier_ratio_detected;insufficient_model_inlier_ratio_retained
102,701,True,True,False,False,False,0.8336464416963886,1,1,0,101,102;225;227;347;351,missing_reliable_local_right_support;incident_edge:excessive_parallax_clusters;incident_edge:insufficient_effective_inlier_ratio_detected;incident_edge:insufficient_model_inlier_ratio_retained,excessive_parallax_clusters;insufficient_effective_inlier_ratio_detected;insufficient_model_inlier_ratio_retained
103,708,True,True,False,False,True,0.8270077729937901,0,0,0,,102;103;226;228;348;352,severe_motion_clusters;no_reliable_local_support;incident_edge:excessive_parallax_clusters;incident_edge:insufficient_effective_inlier_ratio_detected;incident_edge:insufficient_model_inlier_ratio_retained,excessive_parallax_clusters;insufficient_effective_inlier_ratio_detected;insufficient_model_inlier_ratio_retained
104,715,True,True,False,False,False,0.8293772574441274,1,0,1,104,103;227;229;349;353,missing_reliable_local_left_support;incident_edge:excessive_parallax_clusters;incident_edge:insufficient_effective_inlier_ratio_detected;incident_edge:insufficient_model_inlier_ratio_retained,excessive_parallax_clusters;insufficient_effective_inlier_ratio_detected;insufficient_model_inlier_ratio_retained
105,722,True,True,False,False,False,0.8278626632402389,2,1,1,104;105,228;230;350;354,incident_edge:excessive_parallax_clusters;incident_edge:insufficient_effective_inlier_ratio_detected;incident_edge:insufficient_model_inlier_ratio_retained,excessive_parallax_clusters;insufficient_effective_inlier_ratio_detected;insufficient_model_inlier_ratio_retained
106,728,True,True,False,False,False,0.8277507025413882,2,1,1,105;106,229;231;351;355,incident_edge:excessive_parallax_clusters;incident_edge:insufficient_effective_inlier_ratio_detected;incident_edge:insufficient_model_inlier_ratio_retained,excessive_parallax_clusters;insufficient_effective_inlier_ratio_detected;insufficient_model_inlier_ratio_retained
107,734,True,True,False,False,False,0.8291719108567812,2,1,1,106;107,230;232;352;356,incident_edge:excessive_parallax_clusters;incident_edge:insufficient_effective_inlier_ratio_detected;incident_edge:insufficient_model_inlier_ratio_retained,excessive_parallax_clusters;insufficient_effective_inlier_ratio_detected;insufficient_model_inlier_ratio_retained
108,740,True,True,False,False,False,0.8221313626731311,2,1,1,107;108,231;233;353;357,incident_edge:excessive_parallax_clusters;incident_edge:insufficient_effective_inlier_ratio_detected;incident_edge:insufficient_model_inlier_ratio_retained,excessive_parallax_clusters;insufficient_effective_inlier_ratio_detected;insufficient_model_inlier_ratio_retained
109,747,True,True,False,False,False,0.821542810220183,2,1,1,108;109,232;234;354;358,incident_edge:excessive_parallax_clusters;incident_edge:insufficient_effective_inlier_ratio_detected;incident_edge:insufficient_model_inlier_ratio_retained,excessive_parallax_clusters;insufficient_effective_inlier_ratio_detected;insufficient_model_inlier_ratio_retained
110,753,True,True,False,False,False,0.8192608191721191,1,1,0,109,110;233;235;355;359,missing_reliable_local_right_support;incident_edge:excessive_parallax_clusters;incident_edge:insufficient_effective_inlier_ratio_detected;incident_edge:insufficient_model_inlier_ratio_retained,excessive_parallax_clusters;insufficient_effective_inlier_ratio_detected;insufficient_model_inlier_ratio_retained
111,760,True,True,False,False,False,0.8242511368616735,1,0,1,111,110;234;236;356;360,missing_reliable_local_left_support;incident_edge:excessive_parallax_clusters;incident_edge:insufficient_effective_inlier_ratio_detected;incident_edge:insufficient_model_inlier_ratio_retained,excessive_parallax_clusters;insufficient_effective_inlier_ratio_detected;insufficient_model_inlier_ratio_retained
112,766,True,True,False,False,False,0.8186431882022134,2,1,1,111;112,235;237;357;361,incident_edge:excessive_parallax_clusters;incident_edge:insufficient_effective_inlier_ratio_detected;incident_edge:insufficient_model_inlier_ratio_retained,excessive_parallax_clusters;insufficient_effective_inlier_ratio_detected;insufficient_model_inlier_ratio_retained
113,773,True,True,False,False,False,0.8192589379751436,3,1,2,112;113;238,236;358;362,incident_edge:excessive_parallax_clusters;incident_edge:insufficient_effective_inlier_ratio_detected;incident_edge:insufficient_model_inlier_ratio_retained,excessive_parallax_clusters;insufficient_effective_inlier_ratio_detected;insufficient_model_inlier_ratio_retained
114,779,True,True,False,False,False,0.8160643811987178,2,1,1,113;114,237;239;359;363,incident_edge:excessive_parallax_clusters;incident_edge:insufficient_effective_inlier_ratio_detected;incident_edge:insufficient_model_inlier_ratio_retained,excessive_parallax_clusters;insufficient_effective_inlier_ratio_detected;insufficient_model_inlier_ratio_retained
115,786,True,True,False,False,False,0.816109298300941,3,2,1,114;115;238,240;360;364,incident_edge:excessive_parallax_clusters;incident_edge:insufficient_effective_inlier_ratio_detected;incident_edge:insufficient_model_inlier_ratio_retained,excessive_parallax_clusters;insufficient_effective_inlier_ratio_detected;insufficient_model_inlier_ratio_retained
116,792,True,True,False,False,False,0.8194461772348764,2,1,1,115;116,239;241;361;365,incident_edge:excessive_parallax_clusters;incident_edge:insufficient_effective_inlier_ratio_detected;incident_edge:insufficient_model_inlier_ratio_retained,excessive_parallax_clusters;insufficient_effective_inlier_ratio_detected;insufficient_model_inlier_ratio_retained
117,799,True,True,False,False,False,0.8135499938201061,2,1,1,116;117,240;242;362;366,incident_edge:excessive_parallax_clusters;incident_edge:insufficient_effective_inlier_ratio_detected;incident_edge:insufficient_model_inlier_ratio_retained,excessive_parallax_clusters;insufficient_effective_inlier_ratio_detected;insufficient_model_inlier_ratio_retained
118,805,True,True,False,False,False,0.8157682355494839,2,1,1,117;118,241;243;363;367,incident_edge:excessive_parallax_clusters;incident_edge:insufficient_effective_inlier_ratio_detected;incident_edge:insufficient_model_inlier_ratio_retained,excessive_parallax_clusters;insufficient_effective_inlier_ratio_detected;insufficient_model_inlier_ratio_retained
119,811,True,True,False,False,False,0.8111359151701207,2,1,1,118;119,242;244;364;368,incident_edge:excessive_parallax_clusters;incident_edge:insufficient_effective_inlier_ratio_detected;incident_edge:insufficient_model_inlier_ratio_retained,excessive_parallax_clusters;insufficient_effective_inlier_ratio_detected;insufficient_model_inlier_ratio_retained
120,818,True,True,False,False,False,0.8114128383525305,2,1,1,119;120,243;245;365;369,incident_edge:excessive_parallax_clusters;incident_edge:insufficient_effective_inlier_ratio_detected;incident_edge:insufficient_model_inlier_ratio_retained,excessive_parallax_clusters;insufficient_effective_inlier_ratio_detected;insufficient_model_inlier_ratio_retained
121,825,True,True,False,False,False,0.8057227229819715,2,1,1,120;121,244;246;366;370,incident_edge:excessive_parallax_clusters;incident_edge:insufficient_effective_inlier_ratio_detected;incident_edge:insufficient_model_inlier_ratio_retained,excessive_parallax_clusters;insufficient_effective_inlier_ratio_detected;insufficient_model_inlier_ratio_retained
122,831,True,True,False,False,False,0.8089953442458775,2,1,1,121;122,245;247;367,incident_edge:excessive_parallax_clusters;incident_edge:insufficient_effective_inlier_ratio_detected;incident_edge:insufficient_model_inlier_ratio_retained,excessive_parallax_clusters;insufficient_effective_inlier_ratio_detected;insufficient_model_inlier_ratio_retained
123,838,True,True,False,False,False,0.8041879897230044,2,1,1,122;123,246;248;368,incident_edge:excessive_parallax_clusters;incident_edge:insufficient_effective_inlier_ratio_detected;incident_edge:insufficient_model_inlier_ratio_retained,excessive_parallax_clusters;insufficient_effective_inlier_ratio_detected;insufficient_model_inlier_ratio_retained
124,844,True,True,False,False,False,0.8042864455970815,2,1,1,123;124,247;369,incident_edge:excessive_parallax_clusters;incident_edge:insufficient_effective_inlier_ratio_detected;incident_edge:insufficient_model_inlier_ratio_retained,excessive_parallax_clusters;insufficient_effective_inlier_ratio_detected;insufficient_model_inlier_ratio_retained
125,848,True,True,False,False,False,0.8005476213574141,1,1,0,124,248;370,incident_edge:excessive_parallax_clusters;incident_edge:insufficient_model_inlier_ratio_retained,excessive_parallax_clusters;insufficient_model_inlier_ratio_retained
